idComprobante,idArticulo,Descripcion,Unidades,MetrosCuadrados,ImporteMetrosCuadrados
47832,200115,Porcelanato Reserva Marfil - Rectificado - -,8.0000,13.52000000,49934.2864
47834,17003,Flotante Kronotex Roble Nature Petterson D-4764 Am,2.0000,2.60000000,8804.2994
47834,18801,Mantos Erze 3mmx0.80mmx1.25 mm - -,5.0000,5.00000000,1573.0425
47837,18351,Flotante Krono Original Roble Chantilly TP-5953 Ti,4.0000,5.64000000,21980.9607
47837,17085,Mantos Steico 3mmx790mmx590 mm - -,5.0000,5.00000000,1723.1616
47839,21097,SPC Roble Adela 4 mm (0.3 wl) -,23.0000,47.15000000,154666.4256
47839,19767,Mantos IXPE 1.5 mm (1 rollo 20m2) -,2.0000,2.00000000,11942.5118
47844,20311,"SPC Aconcagua 5003 Antique 5,5mm (4mm + 0,5 wl + E",32.0000,84.48000000,336355.3625
47844,19767,Mantos IXPE 1.5 mm (1 rollo 20m2) -,4.0000,4.00000000,24165.3935
47845,19860,SPC Roble Bremen (5022) AQUAblue (4mm + 0.3 wl) -,14.0000,37.80000000,112587.1819
47845,20230,SPC Abeto 8881 (Max Core 2da Gen) 4 mm (0.3 wl) -,4.0000,10.56000000,37391.9214
47845,19767,Mantos IXPE 1.5 mm (1 rollo 20m2) -,2.5000,2.50000000,16113.8825
47846,19368,Flotante Kronotex Eiche Rosemont D-3665 (Caja Exqu,4.0000,8.52000000,20843.8672
47846,17774,Mantos Ladix 3mmx0.80mmx1.25 mm - -,7.0000,7.00000000,1820.3500
47847,20883,SPC Oferta Barrique Oak 4 mm (0.3 wl) -,10.0000,26.40000000,73724.8000
47847,19768,Mantos EVA 1.5 mm (1 rollo 20m2) -,1.5000,1.50000000,10837.1400
47849,19767,Mantos IXPE 1.5 mm (1 rollo 20m2) -,1.5000,1.50000000,10831.7214
47849,200147,SPC Oferta JMW070 6.5 mm (0.5 wl) -,19.0000,34.39000000,87324.7752
47853,17774,Mantos Ladix 3mmx0.80mmx1.25 mm - -,4.0000,4.00000000,1040.5776
47855,19768,Mantos EVA 1.5 mm (1 rollo 20m2) -,1.5000,1.50000000,9609.2985
47855,20235,SPC Incienso 8889 (Max Core 2da Gen) 4 mm (0.3 wl),12.0000,31.68000000,111490.8312
47856,20883,SPC Oferta Barrique Oak 4 mm (0.3 wl) -,23.0000,60.72000000,147082.4516
47856,19767,Mantos IXPE 1.5 mm (1 rollo 20m2) -,3.0000,3.00000000,18800.2704
47860,21169,SPC Oferta 1182-3 3.7mm (0.2 wl) + 1.5mm EVA -,23.0000,70.84000000,180009.1550
47863,19768,Mantos EVA 1.5 mm (1 rollo 20m2) -,10.0000,10.00000000,3602.7800
47866,18871,Porcelanato Natural Atelier Atelier -,66.0000,110.88000000,270006.9834
47867,20880,SPC Oferta Dune Oak 4 mm (0.3 wl) -,14.0000,36.96000000,85061.2056
47867,19768,Mantos EVA 1.5 mm (1 rollo 20m2) -,33.0000,33.00000000,9823.9812
47868,19768,Mantos EVA 1.5 mm (1 rollo 20m2) -,2.0000,2.00000000,14449.5200
47868,21097,SPC Roble Adela 4 mm (0.3 wl) -,19.0000,38.95000000,154589.1300
47869,19768,Mantos EVA 1.5 mm (1 rollo 20m2) -,2.0000,2.00000000,12565.3108
47869,200128,SPC Oferta ORGW491-4 4 mm -,17.0000,42.50000000,86672.7461
47874,19768,Mantos EVA 1.5 mm (1 rollo 20m2) -,26.0000,26.00000000,9717.9940
47874,200129,SPC Oferta ORGW354-10 4 mm -,12.0000,29.16000000,68380.6332
47878,20312,"SPC Makalu 5004 Antique 5,5mm (4mm + 0,5 wl + EVA",38.0000,100.32000000,365973.6023
47879,20713,SPC Abedul 8886 (Max Core 2da Generacion) Home (4m,10.0000,26.40000000,90121.8600
47879,19767,Mantos IXPE 1.5 mm (1 rollo 20m2) -,1.5000,1.50000000,9321.0304
47880,20880,SPC Oferta Dune Oak 4 mm (0.3 wl) -,8.0000,21.12000000,48109.8555
47880,19768,Mantos EVA 1.5 mm (1 rollo 20m2) -,1.0000,1.00000000,5893.2367
47881,20028,SPC Roble Salzburgo 2316 4 mm (0.3 wl) -,1.0000,2.70000000,9014.1400
47882,19767,Mantos IXPE 1.5 mm (1 rollo 20m2) -,3.0000,3.00000000,21672.1269
47882,20886,SPC Oferta Orchid 5mm + 1.5mm EVA + 0.3 wl -,31.0000,61.38000000,204886.1355
47883,20880,SPC Oferta Dune Oak 4 mm (0.3 wl) -,17.0000,44.88000000,99528.4720
47883,19768,Mantos EVA 1.5 mm (1 rollo 20m2) -,2.0000,2.00000000,11474.6206
47884,18801,Mantos Erze 3mmx0.80mmx1.25 mm - -,40.0000,40.00000000,10368.0160
47884,19321,Flotante Krono Original Salt Lake Oak - 4295 Vario,20.0000,44.40000000,128640.3240
47889,11704,Flotante Euro Home Roble Highland D-709 Loft -,7.0000,15.54000000,37479.6611
47891,19768,Mantos EVA 1.5 mm (1 rollo 20m2) -,0.5000,0.50000000,3603.3491
47891,20235,SPC Incienso 8889 (Max Core 2da Gen) 4 mm (0.3 wl),5.0000,13.20000000,52259.3740
47894,19768,Mantos EVA 1.5 mm (1 rollo 20m2) -,2.0000,2.00000000,14443.7402
47894,20880,SPC Oferta Dune Oak 4 mm (0.3 wl) -,18.0000,47.52000000,132651.5580
47895,20883,SPC Oferta Barrique Oak 4 mm (0.3 wl) -,17.0000,44.88000000,124993.7631
47895,19768,Mantos EVA 1.5 mm (1 rollo 20m2) -,39.0000,39.00000000,14037.0984
47896,19767,Mantos IXPE 1.5 mm (1 rollo 20m2) -,1.5000,1.50000000,10775.3684
47896,19814,SPC Roble Niza 4 mm (0.3 wl) / Bisel -,14.0000,26.46000000,104415.1416
47897,19004,Flotante Krono Original Roble Nostalgia D-8072 Cas,4.0000,8.88000000,21563.1384
47898,18273,Flotante Krono Original Appalachian VL-8155 Saga x,9.0000,17.28000000,63429.5619
47898,18801,Mantos Erze 3mmx0.80mmx1.25 mm - -,16.0000,16.00000000,4136.6352
47899,19768,Mantos EVA 1.5 mm (1 rollo 20m2) -,1.0000,1.00000000,5926.4706
47899,20789,SPC Roble Harbour 8884 (Max Core 2da Generacion) H,10.0000,26.40000000,85951.5260
47900,10014,Flotante Krono Original Cerezo Brasil D-8459 Caste,10.0000,22.20000000,55680.3540
47900,18801,Mantos Erze 3mmx0.80mmx1.25 mm - -,21.0000,21.00000000,5678.4336
47901,20224,SPC Roble Monaco 1102 (Max Core 2da Gen) 4.5 mm (0,5.0000,9.15000000,39764.3815
47901,19767,Mantos IXPE 1.5 mm (1 rollo 20m2) -,0.5000,0.50000000,3440.0695
47903,18801,Mantos Erze 3mmx0.80mmx1.25 mm - -,34.0000,34.00000000,8806.3944
47903,14168,Flotante Kronotex Montana Larche (Pinotea) D-3068,22.0000,46.86000000,118376.6364
47905,20522,Flotante Superior Roble Trend Brown D-3128 Advance,11.0000,23.43000000,53940.7649
47905,18801,Mantos Erze 3mmx0.80mmx1.25 mm - -,20.0000,20.00000000,4792.6640
47907,19561,Porcelanato Blanco Atelier -,59.0000,99.12000000,325330.2421
47908,19561,Porcelanato Blanco Atelier -,59.0000,99.12000000,268852.2561
47909,19810,SPC Roble Munich (2319) 4 mm (0.3 wl) -,2.0000,5.40000000,17982.8800
47914,20028,SPC Roble Salzburgo 2316 4 mm (0.3 wl) -,1.0000,2.70000000,9014.1400
47916,20227,SPC Roble Polonia 1106 (Max Core 2da Gen) 4.5 mm (,1.0000,1.83000000,6797.5400
47917,19767,Mantos IXPE 1.5 mm (1 rollo 20m2) -,1.5000,1.50000000,9025.1702
47917,21681,SPC Surinda 2207 4 mm (0.5 wl) -,13.0000,34.32000000,101322.2210
47926,20789,SPC Roble Harbour 8884 (Max Core 2da Generacion) H,14.0000,36.96000000,61200.2524
47926,20880,SPC Oferta Dune Oak 4 mm (0.3 wl) -,14.0000,36.96000000,40844.6556
47926,19768,Mantos EVA 1.5 mm (1 rollo 20m2) -,68.0000,68.00000000,10246.8180
47928,19815,SPC Estrasburgo 4 mm (0.3 wl) / Bisel -,21.0000,74.34000000,235414.0278
47928,19768,Mantos EVA 1.5 mm (1 rollo 20m2) -,4.0000,4.00000000,23058.5440
47932,20884,SPC Oferta Truffle Oak 4 mm (0.3 wl) -,18.0000,47.52000000,126559.2872
47932,19768,Mantos EVA 1.5 mm (1 rollo 20m2) -,2.0000,2.00000000,13122.7789
47933,19767,Mantos IXPE 1.5 mm (1 rollo 20m2) -,2.5000,2.50000000,14928.1603
47935,21586,SPC Oferta 190L-07 3.5mm (0.3 wl) + 1.5mm EVA -,2.0000,6.66000000,13075.8900
47936,20217,"SPC Oferta Roble 3739-7 5.5 mm (4 + 1,5 EVA / 0.3",1.0000,1.76000000,4594.5796
47937,21656,SPC Oferta 6172-1 4.2 mm (0.4 wl) -,10.0000,22.00000000,61439.3000
47937,19768,Mantos EVA 1.5 mm (1 rollo 20m2) -,1.0000,1.00000000,6024.0000
47938,19814,SPC Roble Niza 4 mm (0.3 wl) / Bisel -,26.0000,49.14000000,159979.4014
47938,19768,Mantos EVA 1.5 mm (1 rollo 20m2) -,2.0000,2.00000000,11852.9412
47939,21098,SPC Roble Roma 4 mm (0.3 wl) -,17.0000,34.85000000,138302.7588
47939,19767,Mantos IXPE 1.5 mm (1 rollo 20m2) -,1.5000,1.50000000,10836.0563
47940,19768,Mantos EVA 1.5 mm (1 rollo 20m2) -,3.0000,3.00000000,17991.8198
47940,200141,SPC Oferta ORGW102-15 - -,29.0000,70.47000000,136829.8821
47942,19824,Flotante Oferta Kronotex Mix Roble Gris 12 mm Ofer,25.0000,32.50000000,63863.7800
47942,18801,Mantos Erze 3mmx0.80mmx1.25 mm - -,29.0000,29.00000000,7540.5365
47943,19768,Mantos EVA 1.5 mm (1 rollo 20m2) -,2.5000,2.50000000,14845.0755
47943,19814,SPC Roble Niza 4 mm (0.3 wl) / Bisel -,30.0000,56.70000000,179416.6590
47945,20880,SPC Oferta Dune Oak 4 mm (0.3 wl) -,15.0000,39.60000000,86346.4860
47945,19767,Mantos IXPE 1.5 mm (1 rollo 20m2) -,2.0000,2.00000000,11282.1852
47946,18801,Mantos Erze 3mmx0.80mmx1.25 mm - -,28.0000,28.00000000,8809.0380
47946,19824,Flotante Oferta Kronotex Mix Roble Gris 12 mm Ofer,24.0000,31.20000000,74180.9016
47947,200111,Porcelanato Indiana - Rectificado - -,46.0000,77.74000000,222714.3562
47951,20228,SPC Roble Hacienda 1 Lama 8007 (Max Core 2da Gen),2.0000,5.28000000,20903.8754
47954,200115,Porcelanato Reserva Marfil - Rectificado - -,24.0000,40.56000000,149804.6136
47956,18274,Flotante Krono Original Natural Hickory VL-5943 Sa,13.0000,24.96000000,99810.0951
47956,17774,Mantos Ladix 3mmx0.80mmx1.25 mm - -,22.0000,22.00000000,6196.3401
47957,200111,Porcelanato Indiana - Rectificado - -,15.0000,25.35000000,70275.3525
47960,19815,SPC Estrasburgo 4 mm (0.3 wl) / Bisel -,10.0000,35.40000000,140497.9243
47960,19768,Mantos EVA 1.5 mm (1 rollo 20m2) -,2.0000,2.00000000,14449.7116
47961,18053,Flotante Kronotex Fantasy Wood D-4779 Robusto -,6.0000,7.80000000,26012.3262
47963,200125,SPC Oferta 3678-3 - -,4.0000,8.84000000,19621.8663
47970,20880,SPC Oferta Dune Oak 4 mm (0.3 wl) -,2.0000,5.28000000,14782.1000
47972,20884,SPC Oferta Truffle Oak 4 mm (0.3 wl) -,9.0000,23.76000000,60472.8324
47972,19767,Mantos IXPE 1.5 mm (1 rollo 20m2) -,1.0000,1.00000000,6584.5749
47975,200121,SPC Oferta ORGW404-4 6 mm -,5.0000,13.25000000,33818.2350
47978,200122,"SPC Oferta ORGW354-10 4,5 mm -",15.0000,43.95000000,112201.9500
47979,19767,Mantos IXPE 1.5 mm (1 rollo 20m2) -,1.5000,1.50000000,10864.4400
47979,20884,SPC Oferta Truffle Oak 4 mm (0.3 wl) -,11.0000,29.04000000,81301.5500
47988,20883,SPC Oferta Barrique Oak 4 mm (0.3 wl) -,8.0000,21.12000000,59128.4000
47988,19767,Mantos IXPE 1.5 mm (1 rollo 20m2) -,1.0000,1.00000000,7242.9600
47989,20883,SPC Oferta Barrique Oak 4 mm (0.3 wl) -,19.0000,50.16000000,140429.9500
47989,19767,Mantos IXPE 1.5 mm (1 rollo 20m2) -,2.5000,2.50000000,18107.4000
47990,19816,SPC Metz 4 mm (0.3 wl) / Bisel + EIR -,12.0000,42.48000000,168157.9980
47990,20312,"SPC Makalu 5004 Antique 5,5mm (4mm + 0,5 wl + EVA",5.0000,13.20000000,62687.3555
47990,19767,Mantos IXPE 1.5 mm (1 rollo 20m2) -,2.0000,2.00000000,14412.0418
47991,19814,SPC Roble Niza 4 mm (0.3 wl) / Bisel -,21.0000,39.69000000,155737.8039
47993,200115,Porcelanato Reserva Marfil - Rectificado - -,17.0000,28.73000000,106388.2100
47995,21681,SPC Surinda 2207 4 mm (0.5 wl) -,10.0000,26.40000000,93823.8000
47997,20880,SPC Oferta Dune Oak 4 mm (0.3 wl) -,5.0000,13.20000000,30539.8185
47997,19767,Mantos IXPE 1.5 mm (1 rollo 20m2) -,1.0000,1.00000000,5985.5821
47999,14691,Flotante Kronotex Roble Harbour D-3570 Exquisit An,5.0000,13.50000000,40470.5825
47999,18801,Mantos Erze 3mmx0.80mmx1.25 mm - -,10.0000,10.00000000,2600.6380
48000,200158,SPC Oferta CDW653EXL-15 4 mm -,8.0000,27.76000000,77717.3320
48000,19767,Mantos IXPE 1.5 mm (1 rollo 20m2) -,1.0000,1.00000000,7242.9632
48001,20116,SPC Oferta Roble Vienna 4022 4 mm (0.3 wl) -,9.0000,24.30000000,81331.6383
48001,19767,Mantos IXPE 1.5 mm (1 rollo 20m2) -,1.5000,1.50000000,10864.4448
48002,19768,Mantos EVA 1.5 mm (1 rollo 20m2) -,3.0000,3.00000000,19440.8022
48002,20233,SPC Kempas 8887 (Max Core 2da Gen) 4 mm (0.3 wl) -,24.0000,63.36000000,225559.9536
48003,20883,SPC Oferta Barrique Oak 4 mm (0.3 wl) -,8.0000,21.12000000,59128.4000
48003,19767,Mantos IXPE 1.5 mm (1 rollo 20m2) -,1.0000,1.00000000,7242.9600
48004,20883,SPC Oferta Barrique Oak 4 mm (0.3 wl) -,19.0000,50.16000000,140429.9500
48004,19767,Mantos IXPE 1.5 mm (1 rollo 20m2) -,2.5000,2.50000000,18107.4000
48006,20883,SPC Oferta Barrique Oak 4 mm (0.3 wl) -,19.0000,50.16000000,140429.9500
48006,19767,Mantos IXPE 1.5 mm (1 rollo 20m2) -,2.5000,2.50000000,18107.4000
48007,20883,SPC Oferta Barrique Oak 4 mm (0.3 wl) -,8.0000,21.12000000,59128.4000
48007,19767,Mantos IXPE 1.5 mm (1 rollo 20m2) -,1.0000,1.00000000,7242.9600
48008,20883,SPC Oferta Barrique Oak 4 mm (0.3 wl) -,8.0000,21.12000000,59128.4000
48008,19767,Mantos IXPE 1.5 mm (1 rollo 20m2) -,1.0000,1.00000000,7242.9600
48010,20227,SPC Roble Polonia 1106 (Max Core 2da Gen) 4.5 mm (,34.0000,62.22000000,227640.3462
48010,19768,Mantos EVA 1.5 mm (1 rollo 20m2) -,3.0000,3.00000000,17376.5853
48012,20883,SPC Oferta Barrique Oak 4 mm (0.3 wl) -,35.0000,92.40000000,253513.0150
48013,20883,SPC Oferta Barrique Oak 4 mm (0.3 wl) -,35.0000,92.40000000,253513.0150
48014,20883,SPC Oferta Barrique Oak 4 mm (0.3 wl) -,35.0000,92.40000000,253513.0150
48015,20883,SPC Oferta Barrique Oak 4 mm (0.3 wl) -,35.0000,92.40000000,253513.0150
48016,20883,SPC Oferta Barrique Oak 4 mm (0.3 wl) -,35.0000,92.40000000,253513.0150
48017,200145,SPC Oferta JMW70604 - -,8.0000,19.76000000,47694.7433
48019,19815,SPC Estrasburgo 4 mm (0.3 wl) / Bisel -,15.0000,53.10000000,198549.5964
48019,19768,Mantos EVA 1.5 mm (1 rollo 20m2) -,2.5000,2.50000000,17016.7551
48020,21656,SPC Oferta 6172-1 4.2 mm (0.4 wl) -,20.0000,44.00000000,122879.9528
48020,19767,Mantos IXPE 1.5 mm (1 rollo 20m2) -,2.5000,2.50000000,18062.1092
48023,20883,SPC Oferta Barrique Oak 4 mm (0.3 wl) -,8.0000,21.12000000,59128.4000
48023,19767,Mantos IXPE 1.5 mm (1 rollo 20m2) -,1.0000,1.00000000,7242.9600
48024,19768,Mantos EVA 1.5 mm (1 rollo 20m2) -,52.0000,52.00000000,19236.1520
48024,21686,SPC Asino 2211 4 mm (0.5 wl) -,22.0000,58.08000000,205852.6404
48027,18871,Porcelanato Natural Atelier Atelier -,1.0000,1.68000000,5240.3677
48028,200130,SPC Oferta ORGW179-15 6 mm -,41.0000,72.57000000,185255.2200
48029,19816,SPC Metz 4 mm (0.3 wl) / Bisel + EIR -,1.0000,3.54000000,14049.7924
48031,19767,Mantos IXPE 1.5 mm (1 rollo 20m2) -,2.0000,2.00000000,14485.9200
48031,20880,SPC Oferta Dune Oak 4 mm (0.3 wl) -,14.0000,36.96000000,103474.7000
48033,21680,SPC Poligus 2205 4 mm (0.5 wl) -,28.0000,73.92000000,272592.0902
48033,21297,SPC Concreto 3001 4 mm (0.3 wl) -,11.0000,24.64000000,88531.6740
48033,19767,Mantos IXPE 1.5 mm (1 rollo 20m2) -,5.0000,5.00000000,36149.6291
48034,19365,Porcelanato Moka Outi -,8.0000,12.00000000,41001.7736
48035,200155,SPC Oferta CDW653EXL-02 4 mm -,5.0000,17.35000000,48451.8388
48037,200121,SPC Oferta ORGW404-4 6 mm -,1.0000,2.65000000,5317.4900
48038,21702,SPC Oferta Daisy 5mm + 1.5mm EVA + 0.3 wl -,28.0000,55.44000000,177830.2400
48040,200127,SPC Oferta ORGW491-8 4 mm -,15.0000,39.75000000,86552.2080
48040,19768,Mantos EVA 1.5 mm (1 rollo 20m2) -,2.0000,2.00000000,13415.7192
48041,19768,Mantos EVA 1.5 mm (1 rollo 20m2) -,1.0000,1.00000000,7243.7232
48041,200164,"SPC Oferta WR23806 4,5 mm -",9.0000,19.62000000,45785.0817
48043,19767,Mantos IXPE 1.5 mm (1 rollo 20m2) -,1.0000,1.00000000,7242.9971
48043,200162,"SPC Oferta JMW035 4,5 mm -",7.0000,15.26000000,35598.5308
48045,19767,Mantos IXPE 1.5 mm (1 rollo 20m2) -,3.5000,3.50000000,20831.6717
48045,19814,SPC Roble Niza 4 mm (0.3 wl) / Bisel -,42.0000,79.38000000,259536.8958
48046,19954,SPC Oferta Roble Gala (Max Core) 4 mm (0.3 wl) -,7.0000,18.48000000,73716.0193
48046,19767,Mantos IXPE 1.5 mm (1 rollo 20m2) -,1.0000,1.00000000,7261.1616
48052,19768,Mantos EVA 1.5 mm (1 rollo 20m2) -,10.0000,10.00000000,3255.1940
48052,20880,SPC Oferta Dune Oak 4 mm (0.3 wl) -,3.0000,7.92000000,19508.0475
48053,20900,SPC Oferta FH785701 4mm + 1.0mm IXPE + Bisel Recti,6.0000,14.34000000,37522.5990
48054,20883,SPC Oferta Barrique Oak 4 mm (0.3 wl) -,34.0000,89.76000000,207650.3216
48054,19767,Mantos IXPE 1.5 mm (1 rollo 20m2) -,4.0000,4.00000000,23939.9648
48055,20227,SPC Roble Polonia 1106 (Max Core 2da Gen) 4.5 mm (,21.0000,38.43000000,176259.3000
48055,19767,Mantos IXPE 1.5 mm (1 rollo 20m2) -,2.0000,2.00000000,14522.3200
48056,19767,Mantos IXPE 1.5 mm (1 rollo 20m2) -,4.5000,4.50000000,32668.6851
48056,21097,SPC Roble Adela 4 mm (0.3 wl) -,46.0000,94.30000000,364868.0118
48057,200141,SPC Oferta ORGW102-15 - -,19.0000,46.17000000,107995.5250
48061,21208,SPC Baden 3518 4 mm (0.3 wl) -,29.0000,78.30000000,226470.5898
48061,19767,Mantos IXPE 1.5 mm (1 rollo 20m2) -,3.5000,3.50000000,21906.8881
48063,200159,"SPC Oferta ORGW179-15 4,5 mm -",18.0000,47.70000000,111282.5142
48065,200162,"SPC Oferta JMW035 4,5 mm -",5.0000,10.90000000,25491.3000
48065,19767,Mantos IXPE 1.5 mm (1 rollo 20m2) -,0.5000,0.50000000,3630.5800
48066,200149,SPC Oferta JMW67303 - -,24.0000,59.28000000,129760.4880
48067,20228,SPC Roble Hacienda 1 Lama 8007 (Max Core 2da Gen),15.0000,39.60000000,150410.7615
48067,19768,Mantos EVA 1.5 mm (1 rollo 20m2) -,35.0000,35.00000000,12098.8280
48069,19768,Mantos EVA 1.5 mm (1 rollo 20m2) -,1.0000,1.00000000,5981.7354
48069,20880,SPC Oferta Dune Oak 4 mm (0.3 wl) -,5.0000,13.20000000,30520.2250
48070,200132,SPC Oferta ORGW102-13 6 mm -,31.0000,54.87000000,140423.1800
48071,19214,Flotante Krono Original Red River D-8156 Narrow -,6.0000,8.52000000,29217.6048
48071,18801,Mantos Erze 3mmx0.80mmx1.25 mm - -,7.0000,7.00000000,1782.6200
48072,20117,SPC Oferta Roble Hamburgo 2333 4 mm (0.3 wl) -,1.0000,2.70000000,7474.1287
48073,20880,SPC Oferta Dune Oak 4 mm (0.3 wl) -,2.0000,5.28000000,11044.3410
48074,19768,Mantos EVA 1.5 mm (1 rollo 20m2) -,6.0000,6.00000000,35611.6409
48074,20223,SPC Roble Moscu 1101 (Max Core 2da Gen) 4.5 mm (0.,71.0000,129.93000000,487108.4114
48078,20223,SPC Roble Moscu 1101 (Max Core 2da Gen) 4.5 mm (0.,71.0000,129.93000000,487108.4114
48078,19767,Mantos IXPE 1.5 mm (1 rollo 20m2) -,6.0000,6.00000000,35611.6409
48082,19424,Flotante Kronotex BlockWood D-3585 Dinamic -,84.0000,178.92000000,316658.2613
48082,18941,Flotante Kronotex Nevada Kiefer D-4127 Dinamic -,14.0000,29.82000000,52776.3769
48085,19812,SPC Roble Lyon 4 mm (0.3 wl) / Bisel -,53.0000,100.17000000,341779.2702
48085,19767,Mantos IXPE 1.5 mm (1 rollo 20m2) -,4.5000,4.50000000,27950.3894
48086,20715,SPC Chene 8883 (Max Core 2da Generacion) Home (4mm,6.0000,15.84000000,63185.1600
48087,200176,SPC Oferta CDA190L-13X 4.7 mm -,14.0000,30.94000000,78388.2400
48088,200145,SPC Oferta JMW70604 - -,13.0000,32.11000000,90127.2372
48092,20884,SPC Oferta Truffle Oak 4 mm (0.3 wl) -,17.0000,44.88000000,125963.5400
48092,19768,Mantos EVA 1.5 mm (1 rollo 20m2) -,2.0000,2.00000000,14522.3200
48093,20884,SPC Oferta Truffle Oak 4 mm (0.3 wl) -,17.0000,44.88000000,125963.5400
48093,19768,Mantos EVA 1.5 mm (1 rollo 20m2) -,2.0000,2.00000000,14522.3200
48094,20884,SPC Oferta Truffle Oak 4 mm (0.3 wl) -,17.0000,44.88000000,125963.5400
48094,19768,Mantos EVA 1.5 mm (1 rollo 20m2) -,2.0000,2.00000000,14522.3200
48099,19767,Mantos IXPE 1.5 mm (1 rollo 20m2) -,3.0000,3.00000000,17707.7910
48099,20883,SPC Oferta Barrique Oak 4 mm (0.3 wl) -,26.0000,68.64000000,156605.2826
48101,21521,Deck PVC Roble Gris T602 Colección Noble (Sin Pigm,69.0000,28.98000000,226087.7184
48102,21656,SPC Oferta 6172-1 4.2 mm (0.4 wl) -,2.0000,4.40000000,12343.5852
48102,19768,Mantos EVA 1.5 mm (1 rollo 20m2) -,11.0000,11.00000000,4067.9650
48103,20839,SPC Oxido 5083 (Max Core 2da Generacion) Home (4mm,1.0000,2.64000000,8700.5965
48111,200165,SPC Oferta JMW51903 5 mm (0.5 wl) -,18.0000,31.68000000,80246.2338
48114,200161,"SPC Oferta JMW53409 4,5 mm -",20.0000,34.80000000,81398.4000
48114,19767,Mantos IXPE 1.5 mm (1 rollo 20m2) -,1.5000,1.50000000,10891.7400
48115,200165,SPC Oferta JMW51903 5 mm (0.5 wl) -,1.0000,1.76000000,4457.2324
48117,20880,SPC Oferta Dune Oak 4 mm (0.3 wl) -,2.0000,5.28000000,12473.3544
48117,19768,Mantos EVA 1.5 mm (1 rollo 20m2) -,5.0000,5.00000000,1527.6855
48119,20884,SPC Oferta Truffle Oak 4 mm (0.3 wl) -,11.0000,29.04000000,67364.5281
48119,19768,Mantos EVA 1.5 mm (1 rollo 20m2) -,1.0000,1.00000000,6001.3500
48119,19768,Mantos EVA 1.5 mm (1 rollo 20m2) -,1.0000,1.00000000,3000.1950
48120,20880,SPC Oferta Dune Oak 4 mm (0.3 wl) -,2.0000,5.28000000,12473.3544
48120,19768,Mantos EVA 1.5 mm (1 rollo 20m2) -,5.0000,5.00000000,1527.6855
48121,5228,Flotante Kronotex Nogal Rojo D-725 Dinamic -,6.0000,12.78000000,32003.6682
48124,19767,Mantos IXPE 1.5 mm (1 rollo 20m2) -,3.0000,3.00000000,17688.1827
48124,21255,SPC Sacramento BLANCO 2333 AQUAblue (4mm + 0.3 wl),25.0000,67.50000000,183908.8550
48125,21099,SPC Roble Greenland 4 mm (0.3 wl) -,6.0000,12.30000000,42292.8127
48125,19767,Mantos IXPE 1.5 mm (1 rollo 20m2) -,0.5000,0.50000000,3129.5607
48127,21098,SPC Roble Roma 4 mm (0.3 wl) -,6.0000,12.30000000,49063.5600
48129,17774,Mantos Ladix 3mmx0.80mmx1.25 mm - -,33.0000,33.00000000,9073.8449
48129,14735,Flotante Kronotex Malmo D-3584 Dinamic -,23.0000,48.99000000,124936.6819
48129,14691,Flotante Kronotex Roble Harbour D-3570 Exquisit An,5.0000,13.50000000,42786.6521
48132,200153,SPC Oferta WR313501 8 mm -,8.0000,16.40000000,41853.7344
48133,200161,"SPC Oferta JMW53409 4,5 mm -",20.0000,34.80000000,81398.4000
48133,19767,Mantos IXPE 1.5 mm (1 rollo 20m2) -,1.5000,1.50000000,10891.7400
48134,200163,SPC Oferta JMS0701 5 mm (0.55 wl) -,20.0000,34.80000000,78336.6840
48134,19768,Mantos EVA 1.5 mm (1 rollo 20m2) -,1.5000,1.50000000,10478.9430
48135,19768,Mantos EVA 1.5 mm (1 rollo 20m2) -,38.0000,38.00000000,11341.9550
48135,19810,SPC Roble Munich (2319) 4 mm (0.3 wl) -,16.0000,43.20000000,119176.1424
48138,19401,LVT Roble Molly CLT-986 Chalet Clic -,10.0000,26.30000000,89144.0040
48138,19816,SPC Metz 4 mm (0.3 wl) / Bisel + EIR -,5.0000,17.70000000,57893.5990
48138,19767,Mantos IXPE 1.5 mm (1 rollo 20m2) -,2.0000,2.00000000,11908.3024
48141,19767,Mantos IXPE 1.5 mm (1 rollo 20m2) -,2.0000,2.00000000,13820.8949
48141,20230,SPC Abeto 8881 (Max Core 2da Gen) 4 mm (0.3 wl) -,15.0000,39.60000000,150333.2901
48142,17013,Flotante Kronotex Brave D-4782 Exquisit -,30.0000,63.90000000,186129.5820
48143,200134,SPC Oferta CD196-06SM0332 3 mm -,2.0000,5.86000000,11396.1770
48143,19768,Mantos EVA 1.5 mm (1 rollo 20m2) -,4.0000,4.00000000,1188.2880
48144,19767,Mantos IXPE 1.5 mm (1 rollo 20m2) -,5.0000,5.00000000,28532.0000
48144,19814,SPC Roble Niza 4 mm (0.3 wl) / Bisel -,59.0000,111.51000000,339068.0086
48145,20305,"SPC Zeus 3001 Rustic (4mm + 0,3 wl + Bisel) -",41.0000,110.70000000,400469.2138
48145,19768,Mantos EVA 1.5 mm (1 rollo 20m2) -,5.5000,5.50000000,29547.8788
48145,20311,"SPC Aconcagua 5003 Antique 5,5mm (4mm + 0,5 wl + E",13.0000,34.32000000,129527.1419
48149,20880,SPC Oferta Dune Oak 4 mm (0.3 wl) -,4.0000,10.56000000,29638.4800
48149,19768,Mantos EVA 1.5 mm (1 rollo 20m2) -,1.0000,1.00000000,7261.1600
48153,19767,Mantos IXPE 1.5 mm (1 rollo 20m2) -,5.0000,5.00000000,36127.8491
48154,200159,"SPC Oferta ORGW179-15 4,5 mm -",21.0000,55.65000000,131849.4744
48158,19815,SPC Estrasburgo 4 mm (0.3 wl) / Bisel -,1.0000,3.54000000,14085.0844
48158,19767,Mantos IXPE 1.5 mm (1 rollo 20m2) -,0.5000,0.50000000,3621.4983
48160,19814,SPC Roble Niza 4 mm (0.3 wl) / Bisel -,23.0000,43.47000000,143256.2314
48160,19767,Mantos IXPE 1.5 mm (1 rollo 20m2) -,2.0000,2.00000000,11998.3408
48162,19767,Mantos IXPE 1.5 mm (1 rollo 20m2) -,1.0000,1.00000000,7226.2965
48162,20883,SPC Oferta Barrique Oak 4 mm (0.3 wl) -,9.0000,23.76000000,66366.4842
48164,17774,Mantos Ladix 3mmx0.80mmx1.25 mm - -,18.0000,18.00000000,5648.8806
48164,14735,Flotante Kronotex Malmo D-3584 Dinamic -,10.0000,21.30000000,61998.1060
48166,18893,Prefinish Naturel D-0487 Saga xl (oiled) -,20.0000,44.40000000,584833.4500
48166,18801,Mantos Erze 3mmx0.80mmx1.25 mm - -,39.0000,39.00000000,9860.2101
48171,19768,Mantos EVA 1.5 mm (1 rollo 20m2) -,4.0000,4.00000000,29044.6464
48171,21656,SPC Oferta 6172-1 4.2 mm (0.4 wl) -,38.0000,83.60000000,234645.5958
48175,20228,SPC Roble Hacienda 1 Lama 8007 (Max Core 2da Gen),2.0000,5.28000000,21059.6138
48175,19768,Mantos EVA 1.5 mm (1 rollo 20m2) -,4.0000,4.00000000,1439.8560
48177,20886,SPC Oferta Orchid 5mm + 1.5mm EVA + 0.3 wl -,8.0000,15.84000000,44004.4904
48180,18801,Mantos Erze 3mmx0.80mmx1.25 mm - -,50.0000,50.00000000,12905.8850
48182,200153,SPC Oferta WR313501 8 mm -,10.0000,20.50000000,43001.3790
48183,20826,LVT Oferta JMW081 Pisa 5.0 mm (0.35 wl) + EIR -,7.0000,14.77000000,44158.9414
48183,19768,Mantos EVA 1.5 mm (1 rollo 20m2) -,13.0000,13.00000000,3867.7873
48183,19185,Flotante Kronotex Roble Aragon D-4181 Glamour High,16.0000,34.08000000,149802.0784
48183,18801,Mantos Erze 3mmx0.80mmx1.25 mm - -,30.0000,30.00000000,7781.5740
48184,200160,SPC Oferta CD 179-05 5 mm (0.3 wl) -,4.0000,10.60000000,24352.1575
48184,19767,Mantos IXPE 1.5 mm (1 rollo 20m2) -,0.5000,0.50000000,3284.8058
48185,21098,SPC Roble Roma 4 mm (0.3 wl) -,4.0000,8.20000000,32791.0000
48186,200120,"SPC Oferta 88002-1 4,5 mm -",3.0000,9.33000000,23943.4800
48187,21658,SPC Oferta 4007 4 mm (0.3 wl) -,4.0000,11.24000000,27760.0036
48193,18472,Flotante Oferta Kronotex Gala Eiche Titan M-1016 1,38.0000,60.80000000,125694.3214
48193,18801,Mantos Erze 3mmx0.80mmx1.25 mm - -,55.0000,55.00000000,14348.1690
48195,21209,SPC Maguncia 2317 4 mm (0.3 wl) -,6.0000,16.20000000,53986.7700
48197,20883,SPC Oferta Barrique Oak 4 mm (0.3 wl) -,8.0000,21.12000000,5.9424
48198,19860,SPC Roble Bremen (5022) AQUAblue (4mm + 0.3 wl) -,8.0000,21.60000000,57872.1608
48198,19768,Mantos EVA 1.5 mm (1 rollo 20m2) -,1.0000,1.00000000,5798.0102
48198,20883,SPC Oferta Barrique Oak 4 mm (0.3 wl) -,3.0000,7.92000000,17749.6599
48208,21686,SPC Asino 2211 4 mm (0.5 wl) -,7.0000,18.48000000,66000.1090
48208,19768,Mantos EVA 1.5 mm (1 rollo 20m2) -,1.0000,1.00000000,7278.6321
48209,200141,SPC Oferta ORGW102-15 - -,5.0000,12.15000000,25911.9890
48210,200120,"SPC Oferta 88002-1 4,5 mm -",21.0000,65.31000000,138525.0027
48212,19767,Mantos IXPE 1.5 mm (1 rollo 20m2) -,3.5000,3.50000000,25416.5710
48212,20884,SPC Oferta Truffle Oak 4 mm (0.3 wl) -,26.0000,68.64000000,192669.4209
48213,14466,Flotante Kronotex Haya Nobelle D-1424 Dinamic -,5.0000,10.65000000,27001.9870
48216,200141,SPC Oferta ORGW102-15 - -,6.0000,14.58000000,34361.5200
48219,21255,SPC Sacramento BLANCO 2333 AQUAblue (4mm + 0.3 wl),11.0000,29.70000000,99904.7269
48219,19767,Mantos IXPE 1.5 mm (1 rollo 20m2) -,1.5000,1.50000000,10919.0219
48224,200138,SPC Oferta ORGW102-13 6 mm -,8.0000,21.20000000,53853.3442
48225,200173,SPC Oferta JMW75101 4 mm -,19.0000,41.80000000,87246.8983
48225,19768,Mantos EVA 1.5 mm (1 rollo 20m2) -,38.0000,38.00000000,12338.0341
48228,21522,Deck PVC Roble Natural T405 Colección Noble (Sin P,181.0000,76.02000000,674090.0139
48229,19215,Flotante Krono Original Appalachian D-8155 Narrow,14.0000,19.88000000,73802.4302
48229,20312,"SPC Makalu 5004 Antique 5,5mm (4mm + 0,5 wl + EVA",3.0000,7.92000000,33040.6346
48229,17774,Mantos Ladix 3mmx0.80mmx1.25 mm - -,18.0000,18.00000000,4962.2507
48231,20225,SPC Roble Weston 1104 (Max Core 2da Gen) 4.5 mm (0,8.0000,14.64000000,67314.7200
48231,19768,Mantos EVA 1.5 mm (1 rollo 20m2) -,1.0000,1.00000000,7279.3600
48232,21098,SPC Roble Roma 4 mm (0.3 wl) -,26.0000,53.30000000,194931.1806
48232,19768,Mantos EVA 1.5 mm (1 rollo 20m2) -,2.5000,2.50000000,16643.5533
48233,18801,Mantos Erze 3mmx0.80mmx1.25 mm - -,25.0000,25.00000000,7847.0375
48233,19187,Flotante Kronotex Roble Sonora D-4186 Glamour High,13.0000,27.69000000,147285.7711
48235,21702,SPC Oferta Daisy 5mm + 1.5mm EVA + 0.3 wl -,7.0000,13.86000000,44571.5424
48237,19768,Mantos EVA 1.5 mm (1 rollo 20m2) -,1.0000,1.00000000,7205.8493
48237,21097,SPC Roble Adela 4 mm (0.3 wl) -,11.0000,22.55000000,89264.5424
48240,200156,SPC Oferta CDW653EXL-01 4 mm -,4.0000,13.88000000,32031.8944
48240,19767,Mantos IXPE 1.5 mm (1 rollo 20m2) -,1.0000,1.00000000,5971.9787
48242,200111,Porcelanato Indiana - Rectificado - -,9.0000,15.21000000,59420.7873
48244,200149,SPC Oferta JMW67303 - -,6.0000,14.82000000,41694.1800
48245,19768,Mantos EVA 1.5 mm (1 rollo 20m2) -,5.0000,5.00000000,33088.3309
48246,20231,SPC Teka 8882 (Max Core 2da Gen) 4 mm (0.3 wl) -,3.0000,7.92000000,25651.5000
48247,200165,SPC Oferta JMW51903 5 mm (0.5 wl) -,16.0000,28.16000000,59100.6896
48248,21097,SPC Roble Adela 4 mm (0.3 wl) -,11.0000,22.55000000,74313.4238
48248,19768,Mantos EVA 1.5 mm (1 rollo 20m2) -,1.0000,1.00000000,5998.9123
48251,200122,"SPC Oferta ORGW354-10 4,5 mm -",4.0000,11.72000000,24853.6152
48253,21684,SPC Baykit 2206 4 mm (0.5 wl) -,6.0000,15.84000000,46676.1735
48253,19768,Mantos EVA 1.5 mm (1 rollo 20m2) -,1.0000,1.00000000,6005.4720
48254,20884,SPC Oferta Truffle Oak 4 mm (0.3 wl) -,13.0000,34.32000000,96566.4700
48254,19768,Mantos EVA 1.5 mm (1 rollo 20m2) -,1.5000,1.50000000,10919.0400
48255,21097,SPC Roble Adela 4 mm (0.3 wl) -,4.0000,8.20000000,27091.9242
48255,19768,Mantos EVA 1.5 mm (1 rollo 20m2) -,0.5000,0.50000000,3007.1036
48260,200169,SPC Oferta JMW7432 5mm (0.25 wl) -,11.0000,33.55000000,64688.7021
48260,19768,Mantos EVA 1.5 mm (1 rollo 20m2) -,32.0000,32.00000000,9807.4592
48261,19859,Flotante Superior Roble Trend Brown D-3128 Catwalk,7.0000,14.91000000,43831.9518
48261,17774,Mantos Ladix 3mmx0.80mmx1.25 mm - -,13.0000,13.00000000,4120.4358
48263,18472,Flotante Oferta Kronotex Gala Eiche Titan M-1016 1,47.0000,75.20000000,188903.2478
48263,18801,Mantos Erze 3mmx0.80mmx1.25 mm - -,68.0000,68.00000000,21555.2043
48266,19768,Mantos EVA 1.5 mm (1 rollo 20m2) -,13.0000,13.00000000,4680.0000
48266,200134,SPC Oferta CD196-06SM0332 3 mm -,6.0000,17.58000000,41534.4600
48266,19768,Mantos EVA 1.5 mm (1 rollo 20m2) -,15.0000,15.00000000,5400.0000
48266,200145,SPC Oferta JMW70604 - -,6.0000,14.82000000,41701.4400
48267,19373,Flotante Kronotex Trend Oak Red D-3203 (Caja Dinam,10.0000,21.30000000,51744.5760
48267,17774,Mantos Ladix 3mmx0.80mmx1.25 mm - -,19.0000,19.00000000,4976.5161
48269,20880,SPC Oferta Dune Oak 4 mm (0.3 wl) -,77.0000,203.28000000,571970.6300
48270,19768,Mantos EVA 1.5 mm (1 rollo 20m2) -,2.0000,2.00000000,12010.9440
48270,19812,SPC Roble Lyon 4 mm (0.3 wl) / Bisel -,24.0000,45.36000000,149641.6680
48275,20117,SPC Oferta Roble Hamburgo 2333 4 mm (0.3 wl) -,5.0000,13.50000000,34154.5340
48276,20117,SPC Oferta Roble Hamburgo 2333 4 mm (0.3 wl) -,33.0000,89.10000000,225419.9244
48276,19767,Mantos IXPE 1.5 mm (1 rollo 20m2) -,4.0000,4.00000000,21899.6712
48280,14690,Flotante Kronotex Roble Rift (Astilla) D-3044 Exqu,6.0000,16.20000000,48927.1800
48280,20522,Flotante Superior Roble Trend Brown D-3128 Advance,4.0000,8.52000000,21001.3648
48281,19860,SPC Roble Bremen (5022) AQUAblue (4mm + 0.3 wl) -,1.0000,2.70000000,7506.4879
48283,19214,Flotante Krono Original Red River D-8156 Narrow -,1.0000,1.42000000,6289.6650
48286,20880,SPC Oferta Dune Oak 4 mm (0.3 wl) -,8.0000,21.12000000,58546.0223
48286,19768,Mantos EVA 1.5 mm (1 rollo 20m2) -,18.0000,18.00000000,6481.2859
48287,20791,"SPC Oferta New Castle Weathered Oak WFS68122 3,2mm",14.0000,30.80000000,80862.1275
48291,21209,SPC Maguncia 2317 4 mm (0.3 wl) -,33.0000,89.10000000,186791.9130
48291,19767,Mantos IXPE 1.5 mm (1 rollo 20m2) -,4.0000,4.00000000,19215.2784
48294,20880,SPC Oferta Dune Oak 4 mm (0.3 wl) -,5.0000,13.20000000,37140.9500
48294,19768,Mantos EVA 1.5 mm (1 rollo 20m2) -,1.0000,1.00000000,7279.3600
48296,19957,SPC Atelier Blanco 8891 (Max Core) 4 mm (0.3 wl) -,2.0000,5.28000000,21114.5000
48297,21657,SPC Oferta 4001 4 mm (0.3 wl) -,2.0000,5.62000000,15812.2800
48297,19767,Mantos IXPE 1.5 mm (1 rollo 20m2) -,0.5000,0.50000000,3639.6800
48298,19368,Flotante Kronotex Eiche Rosemont D-3665 (Caja Exqu,6.0000,12.78000000,31498.2360
48298,17774,Mantos Ladix 3mmx0.80mmx1.25 mm - -,11.0000,11.00000000,2881.8383
48300,20116,SPC Oferta Roble Vienna 4022 4 mm (0.3 wl) -,23.0000,62.10000000,172168.7701
48300,19767,Mantos IXPE 1.5 mm (1 rollo 20m2) -,3.0000,3.00000000,17998.9455
48304,19767,Mantos IXPE 1.5 mm (1 rollo 20m2) -,0.5000,0.50000000,3639.3161
48304,200163,SPC Oferta JMS0701 5 mm (0.55 wl) -,8.0000,13.92000000,32647.3752
48308,20880,SPC Oferta Dune Oak 4 mm (0.3 wl) -,1.0000,2.64000000,6000.4919
48310,19767,Mantos IXPE 1.5 mm (1 rollo 20m2) -,2.5000,2.50000000,14729.7850
48310,20839,SPC Oxido 5083 (Max Core 2da Generacion) Home (4mm,19.0000,50.16000000,162355.7239
48311,21681,SPC Surinda 2207 4 mm (0.5 wl) -,1.0000,2.64000000,7700.1542
48312,20184,SPC Roble Bayonne 4 mm (0.3 wl) / Bisel -,12.0000,22.68000000,72317.0856
48312,19768,Mantos EVA 1.5 mm (1 rollo 20m2) -,1.0000,1.00000000,5804.5081
48313,21162,SPC Oferta 014 4 mm (0.3 wl) -,11.0000,23.87000000,59076.4350
48313,19768,Mantos EVA 1.5 mm (1 rollo 20m2) -,1.0000,1.00000000,6005.4720
48315,21702,SPC Oferta Daisy 5mm + 1.5mm EVA + 0.3 wl -,17.0000,33.66000000,107431.2960
48320,200168,SPC Oferta JMW0994 5 mm (0.3 wl) -,6.0000,18.30000000,42819.4800
48320,19768,Mantos EVA 1.5 mm (1 rollo 20m2) -,15.0000,15.00000000,5460.0000
48325,21162,SPC Oferta 014 4 mm (0.3 wl) -,21.0000,45.57000000,98829.9291
48325,19768,Mantos EVA 1.5 mm (1 rollo 20m2) -,2.0000,2.00000000,11220.4056
48326,20883,SPC Oferta Barrique Oak 4 mm (0.3 wl) -,8.0000,21.12000000,59128.3920
48326,19767,Mantos IXPE 1.5 mm (1 rollo 20m2) -,1.0000,1.00000000,7242.9632
48332,19812,SPC Roble Lyon 4 mm (0.3 wl) / Bisel -,15.0000,28.35000000,91844.7720
48332,19767,Mantos IXPE 1.5 mm (1 rollo 20m2) -,1.0000,1.00000000,5897.5145
48333,20312,"SPC Makalu 5004 Antique 5,5mm (4mm + 0,5 wl + EVA",32.0000,84.48000000,314020.8768
48334,200152,SPC Oferta JMW51908L - -,3.0000,8.46000000,17890.1628
48336,21162,SPC Oferta 014 4 mm (0.3 wl) -,15.0000,32.55000000,97637.2350
48336,19768,Mantos EVA 1.5 mm (1 rollo 20m2) -,1.5000,1.50000000,10917.9482
48337,19767,Mantos IXPE 1.5 mm (1 rollo 20m2) -,5.0000,5.00000000,36302.1078
48337,21098,SPC Roble Roma 4 mm (0.3 wl) -,54.0000,110.70000000,419289.5373
48338,21206,SPC Postdam 2328 4 mm (0.3 wl) -,7.0000,18.90000000,63575.8200
48338,19768,Mantos EVA 1.5 mm (1 rollo 20m2) -,1.0000,1.00000000,7279.3600
48339,20884,SPC Oferta Truffle Oak 4 mm (0.3 wl) -,5.0000,13.20000000,37040.6695
48339,19768,Mantos EVA 1.5 mm (1 rollo 20m2) -,12.0000,12.00000000,4319.1072
48341,19767,Mantos IXPE 1.5 mm (1 rollo 20m2) -,0.5000,0.50000000,3639.3160
48341,19349,"SPC Luxury Vinyl Roble Oslo N1103 4,5 mm -",5.0000,6.85000000,31493.1504
48345,200137,SPC Oferta 88002-1 4 mm -,5.0000,11.05000000,23428.6880
48345,19767,Mantos IXPE 1.5 mm (1 rollo 20m2) -,0.5000,0.50000000,3007.8316
48346,21657,SPC Oferta 4001 4 mm (0.3 wl) -,17.0000,47.77000000,109974.3872
48347,21522,Deck PVC Roble Natural T405 Colección Noble (Sin P,30.0000,12.60000000,102352.5450
48351,19812,SPC Roble Lyon 4 mm (0.3 wl) / Bisel -,4.0000,7.56000000,24761.9172
48351,19768,Mantos EVA 1.5 mm (1 rollo 20m2) -,0.5000,0.50000000,2981.2578
48352,19768,Mantos EVA 1.5 mm (1 rollo 20m2) -,2.0000,2.00000000,14558.7200
48352,19428,LVT Roble Lorenzo CLT-984 Chalet Clic -,13.0000,34.19000000,141680.1100
48354,200140,SPC Oferta ORGW491-4 - -,7.0000,27.79000000,71308.9300
48355,200187,Oferta SPC CD3087-13 - -,10.0000,26.50000000,67136.1860
48356,200187,Oferta SPC CD3087-13 - -,17.0000,45.05000000,114142.9300
48357,200182,Oferta SPC ORGW491-8 - -,32.0000,84.80000000,214857.2800
48358,20028,SPC Roble Salzburgo 2316 4 mm (0.3 wl) -,6.0000,16.20000000,54482.6610
48358,19767,Mantos IXPE 1.5 mm (1 rollo 20m2) -,1.0000,1.00000000,7277.9041
48359,20028,SPC Roble Salzburgo 2316 4 mm (0.3 wl) -,16.0000,43.20000000,145258.0336
48359,19768,Mantos EVA 1.5 mm (1 rollo 20m2) -,2.0000,2.00000000,14552.8966
48360,21162,SPC Oferta 014 4 mm (0.3 wl) -,48.0000,104.16000000,250476.2736
48360,19767,Mantos IXPE 1.5 mm (1 rollo 20m2) -,5.0000,5.00000000,29175.6750
48362,200178,Oferta SPC ORG101-28 - -,11.0000,24.31000000,56721.5473
48362,19767,Mantos IXPE 1.5 mm (1 rollo 20m2) -,1.5000,1.50000000,10917.9482
48363,200186,Oferta SPC ORGW179-6 6 mm -,35.0000,77.35000000,195976.2000
48366,20119,SPC Oferta Roble Frankfurt 5014 4 mm (0.3 wl) -,1.0000,2.70000000,7500.1303
48368,200181,Oferta SPC ST491-8 - -,4.0000,21.16000000,49382.4212
48368,19767,Mantos IXPE 1.5 mm (1 rollo 20m2) -,1.0000,1.00000000,7278.6321
48369,200125,SPC Oferta 3678-3 - -,8.0000,17.68000000,45360.4800
48370,20893,SPC Oferta FH785707 4mm + Bisel Rectificado -,1.0000,2.39000000,6280.4606
48371,20228,SPC Roble Hacienda 1 Lama 8007 (Max Core 2da Gen),4.0000,10.56000000,34619.5432
48371,19768,Mantos EVA 1.5 mm (1 rollo 20m2) -,0.5000,0.50000000,2983.8259
48383,21097,SPC Roble Adela 4 mm (0.3 wl) -,6.0000,12.30000000,38955.7080
48388,19212,Flotante Oferta Kronotex Chene Naige D-5714 10 mm,2.0000,2.60000000,5159.9482
48397,19767,Mantos IXPE 1.5 mm (1 rollo 20m2) -,3.0000,3.00000000,17321.9652
48397,21686,SPC Asino 2211 4 mm (0.5 wl) -,22.0000,58.08000000,164549.0704
48402,200120,"SPC Oferta 88002-1 4,5 mm -",1.0000,3.11000000,7981.1600
48403,19767,Mantos IXPE 1.5 mm (1 rollo 20m2) -,1.0000,1.00000000,5912.2962
48403,21097,SPC Roble Adela 4 mm (0.3 wl) -,9.0000,18.45000000,59923.9125
48406,19767,Mantos IXPE 1.5 mm (1 rollo 20m2) -,1.0000,1.00000000,6001.0961
48406,200165,SPC Oferta JMW51903 5 mm (0.5 wl) -,9.0000,15.84000000,33163.6833
48410,20883,SPC Oferta Barrique Oak 4 mm (0.3 wl) -,20.0000,52.80000000,122565.1350
48410,19768,Mantos EVA 1.5 mm (1 rollo 20m2) -,2.5000,2.50000000,15013.6594
48411,200198,Oferta SPC ORGW341-1 - -,27.0000,59.67000000,136010.4723
48415,19428,LVT Roble Lorenzo CLT-984 Chalet Clic -,5.0000,13.15000000,45021.5795
48416,21097,SPC Roble Adela 4 mm (0.3 wl) -,2.0000,4.10000000,13550.8808
48428,19004,Flotante Krono Original Roble Nostalgia D-8072 Cas,23.0000,51.06000000,124078.0517
48428,18801,Mantos Erze 3mmx0.80mmx1.25 mm - -,45.0000,45.00000000,11789.3385
48430,19768,Mantos EVA 1.5 mm (1 rollo 20m2) -,1.5000,1.50000000,8953.6128
48430,21274,SPC Oferta Hanalei 2001-3 4 mm (0.3 wl) -,13.0000,36.40000000,73122.1634
48432,200201,"Oferta SPC SPC88002-1 4,5 mm -",7.0000,20.51000000,46342.7580
48437,200120,"SPC Oferta 88002-1 4,5 mm -",1.0000,3.11000000,7981.1600
48438,200120,"SPC Oferta 88002-1 4,5 mm -",1.0000,3.11000000,7981.1600
48439,200157,SPC Oferta CDW2006L-08 5 mm (0.3 wl) -,4.0000,14.28000000,34624.0919
48441,19767,Mantos IXPE 1.5 mm (1 rollo 20m2) -,1.0000,1.00000000,7278.6321
48441,200146,SPC Oferta JMW089 5 mm (0.55 wl) -,11.0000,20.46000000,52342.9951
48442,19400,LVT Roble Puma CLT-985 Chalet Clic -,1.0000,2.63000000,10898.4700
48443,200116,SPC Oferta ORGW217-10 4.7 mm -,13.0000,43.03000000,102050.9191
48444,21700,SPC Oferta Camellia 5mm + 1.5mm EVA + 0.3 wl -,1.0000,1.98000000,5503.6119
48445,19860,SPC Roble Bremen (5022) AQUAblue (4mm + 0.3 wl) -,2.0000,5.40000000,13441.7448
48446,20883,SPC Oferta Barrique Oak 4 mm (0.3 wl) -,3.0000,7.92000000,16490.5818
48447,14691,Flotante Kronotex Roble Harbour D-3570 Exquisit An,11.0000,29.70000000,108529.7400
48448,19767,Mantos IXPE 1.5 mm (1 rollo 20m2) -,1.5000,1.50000000,10917.9481
48448,200184,Oferta SPC 3674-14 4 mm -,9.0000,27.81000000,70435.6826
48449,19767,Mantos IXPE 1.5 mm (1 rollo 20m2) -,3.5000,3.50000000,25475.2124
48449,20883,SPC Oferta Barrique Oak 4 mm (0.3 wl) -,27.0000,71.28000000,200541.0744
48450,200151,SPC Oferta JMW1454 - -,3.0000,6.51000000,18228.0000
48452,21656,SPC Oferta 6172-1 4.2 mm (0.4 wl) -,14.0000,30.80000000,75363.9188
48452,19768,Mantos EVA 1.5 mm (1 rollo 20m2) -,2.0000,2.00000000,12660.2629
48453,19768,Mantos EVA 1.5 mm (1 rollo 20m2) -,1.0000,1.00000000,6330.1315
48453,19349,"SPC Luxury Vinyl Roble Oslo N1103 4,5 mm -",15.0000,20.55000000,82167.5474
48454,200187,Oferta SPC CD3087-13 - -,17.0000,45.05000000,98402.6200
48458,200132,SPC Oferta ORGW102-13 6 mm -,6.0000,10.62000000,23691.0750
48460,21098,SPC Roble Roma 4 mm (0.3 wl) -,2.0000,4.10000000,13380.0000
48463,19767,Mantos IXPE 1.5 mm (1 rollo 20m2) -,2.0000,2.00000000,12010.9440
48463,21684,SPC Baykit 2206 4 mm (0.5 wl) -,14.0000,36.96000000,108911.0708
48464,200184,Oferta SPC 3674-14 4 mm -,1.0000,3.09000000,5960.3874
48465,19812,SPC Roble Lyon 4 mm (0.3 wl) / Bisel -,16.0000,30.24000000,98457.8480
48465,19768,Mantos EVA 1.5 mm (1 rollo 20m2) -,1.5000,1.50000000,8467.9223
48466,20883,SPC Oferta Barrique Oak 4 mm (0.3 wl) -,6.0000,15.84000000,39287.6970
48466,19767,Mantos IXPE 1.5 mm (1 rollo 20m2) -,1.0000,1.00000000,6416.7558
48466,19812,SPC Roble Lyon 4 mm (0.3 wl) / Bisel -,6.0000,11.34000000,39972.4638
48467,19767,Mantos IXPE 1.5 mm (1 rollo 20m2) -,1.0000,1.00000000,5939.7484
48467,200137,SPC Oferta 88002-1 4 mm -,11.0000,24.31000000,47285.5785
48470,5228,Flotante Kronotex Nogal Rojo D-725 Dinamic -,10.0000,21.30000000,62623.3370
48470,18801,Mantos Erze 3mmx0.80mmx1.25 mm - -,20.0000,20.00000000,6339.7660
48474,19816,SPC Metz 4 mm (0.3 wl) / Bisel + EIR -,10.0000,35.40000000,113927.1030
48474,19767,Mantos IXPE 1.5 mm (1 rollo 20m2) -,2.0000,2.00000000,11716.9902
48479,21684,SPC Baykit 2206 4 mm (0.5 wl) -,31.0000,81.84000000,240312.2604
48479,19768,Mantos EVA 1.5 mm (1 rollo 20m2) -,4.0000,4.00000000,21151.5148
48484,200188,Oferta SPC ORG491-8 6 mm -,23.0000,50.83000000,122344.4983
48487,19768,Mantos EVA 1.5 mm (1 rollo 20m2) -,1.5000,1.50000000,10912.4886
48487,21099,SPC Roble Greenland 4 mm (0.3 wl) -,15.0000,30.75000000,122892.4703
48488,17004,Flotante Kronotex Roble Liskamm D-4790 Exquisit -,6.0000,12.78000000,46696.3200
48489,200202,Oferta SPC CD196-06 - -,4.0000,11.72000000,29007.0000
48490,19768,Mantos EVA 1.5 mm (1 rollo 20m2) -,1.2000,1.20000000,8735.2320
48490,200202,Oferta SPC CD196-06 - -,5.0000,14.65000000,43950.0000
48492,12903,Flotante Kronotex Roble Victorian D-4189 Glamour H,1.0000,2.13000000,11092.2218
48493,19860,SPC Roble Bremen (5022) AQUAblue (4mm + 0.3 wl) -,1.0000,2.70000000,7174.9900
48494,20880,SPC Oferta Dune Oak 4 mm (0.3 wl) -,5.0000,13.20000000,28327.4025
48494,19768,Mantos EVA 1.5 mm (1 rollo 20m2) -,11.0000,11.00000000,3050.7466
48497,21209,SPC Maguncia 2317 4 mm (0.3 wl) -,7.0000,18.90000000,63575.8200
48497,19767,Mantos IXPE 1.5 mm (1 rollo 20m2) -,1.0000,1.00000000,7279.3600
48502,19768,Mantos EVA 1.5 mm (1 rollo 20m2) -,53.0000,53.00000000,15804.8385
48502,200173,SPC Oferta JMW75101 4 mm -,27.0000,59.40000000,114170.5746
48505,19768,Mantos EVA 1.5 mm (1 rollo 20m2) -,53.0000,53.00000000,15804.8385
48505,200173,SPC Oferta JMW75101 4 mm -,27.0000,59.40000000,114170.5746
48506,20884,SPC Oferta Truffle Oak 4 mm (0.3 wl) -,2.0000,5.28000000,13739.3600
48506,20883,SPC Oferta Barrique Oak 4 mm (0.3 wl) -,5.0000,13.20000000,34348.4000
48508,200111,Porcelanato Indiana - Rectificado - -,5.0000,8.45000000,27280.1705
48509,19004,Flotante Krono Original Roble Nostalgia D-8072 Cas,11.0000,24.42000000,71800.2692
48513,20880,SPC Oferta Dune Oak 4 mm (0.3 wl) -,11.0000,29.04000000,81701.9190
48513,19767,Mantos IXPE 1.5 mm (1 rollo 20m2) -,1.5000,1.50000000,10917.9481
48518,18941,Flotante Kronotex Nevada Kiefer D-4127 Dinamic -,15.0000,31.95000000,93493.4670
48519,200164,"SPC Oferta WR23806 4,5 mm -",9.0000,19.62000000,46005.6492
48519,19768,Mantos EVA 1.5 mm (1 rollo 20m2) -,1.0000,1.00000000,7278.6321
48521,200182,Oferta SPC ORGW491-8 - -,17.0000,45.05000000,94019.5319
48521,19768,Mantos EVA 1.5 mm (1 rollo 20m2) -,2.0000,2.00000000,11992.0176
48525,20228,SPC Roble Hacienda 1 Lama 8007 (Max Core 2da Gen),5.0000,13.20000000,45507.0261
48525,19767,Mantos IXPE 1.5 mm (1 rollo 20m2) -,1.5000,1.50000000,9413.3044
48526,200157,SPC Oferta CDW2006L-08 5 mm (0.3 wl) -,12.0000,42.84000000,120200.2263
48527,21098,SPC Roble Roma 4 mm (0.3 wl) -,42.0000,86.10000000,256370.9190
48527,19767,Mantos IXPE 1.5 mm (1 rollo 20m2) -,4.0000,4.00000000,22232.6852
48528,20880,SPC Oferta Dune Oak 4 mm (0.3 wl) -,8.0000,21.12000000,58843.1499
48528,20880,SPC Oferta Dune Oak 4 mm (0.3 wl) -,3.0000,7.92000000,22066.1812
48530,18801,Mantos Erze 3mmx0.80mmx1.25 mm - -,24.0000,24.00000000,7608.4800
48531,19768,Mantos EVA 1.5 mm (1 rollo 20m2) -,18.0000,18.00000000,5412.6072
48531,20884,SPC Oferta Truffle Oak 4 mm (0.3 wl) -,8.0000,21.12000000,49091.4224
48532,200173,SPC Oferta JMW75101 4 mm -,15.0000,33.00000000,77210.1000
48532,19768,Mantos EVA 1.5 mm (1 rollo 20m2) -,30.0000,30.00000000,10800.0000
48533,20235,SPC Incienso 8889 (Max Core 2da Gen) 4 mm (0.3 wl),1.0000,2.64000000,8815.0000
48535,20883,SPC Oferta Barrique Oak 4 mm (0.3 wl) -,15.0000,39.60000000,110542.6095
48535,19767,Mantos IXPE 1.5 mm (1 rollo 20m2) -,2.0000,2.00000000,14443.6862
48539,21681,SPC Surinda 2207 4 mm (0.5 wl) -,10.0000,26.40000000,94295.3000
48540,19860,SPC Roble Bremen (5022) AQUAblue (4mm + 0.3 wl) -,16.0000,43.20000000,120176.4643
48542,200149,SPC Oferta JMW67303 - -,3.0000,7.41000000,20094.5100
48542,21255,SPC Sacramento BLANCO 2333 AQUAblue (4mm + 0.3 wl),17.0000,45.90000000,148824.4736
48542,19768,Mantos EVA 1.5 mm (1 rollo 20m2) -,2.0000,2.00000000,14033.1310
48543,19768,Mantos EVA 1.5 mm (1 rollo 20m2) -,1.0000,1.00000000,7200.0150
48544,20880,SPC Oferta Dune Oak 4 mm (0.3 wl) -,1.0000,2.64000000,6691.3136
48545,20235,SPC Incienso 8889 (Max Core 2da Gen) 4 mm (0.3 wl),1.0000,2.64000000,8587.2713
48547,200115,Porcelanato Reserva Marfil - Rectificado - -,33.0000,55.77000000,183823.6323
48548,19813,SPC Roble Reims 4 mm (0.3 wl) / Bisel -,21.0000,39.69000000,140046.4632
48548,19768,Mantos EVA 1.5 mm (1 rollo 20m2) -,1.8000,1.80000000,11561.9531
48549,20880,SPC Oferta Dune Oak 4 mm (0.3 wl) -,30.0000,79.20000000,222845.7000
48549,19767,Mantos IXPE 1.5 mm (1 rollo 20m2) -,4.0000,4.00000000,29117.4400
48550,20880,SPC Oferta Dune Oak 4 mm (0.3 wl) -,30.0000,79.20000000,222845.7000
48550,19767,Mantos IXPE 1.5 mm (1 rollo 20m2) -,4.0000,4.00000000,29117.4400
48552,19767,Mantos IXPE 1.5 mm (1 rollo 20m2) -,2.5000,2.50000000,14890.7085
48552,20224,SPC Roble Monaco 1102 (Max Core 2da Gen) 4.5 mm (0,26.0000,47.58000000,179009.2200
48556,21684,SPC Baykit 2206 4 mm (0.5 wl) -,7.0000,18.48000000,66006.7100
48556,19768,Mantos EVA 1.5 mm (1 rollo 20m2) -,1.0000,1.00000000,7279.3600
48561,200154,SPC Oferta JMW23908 - -,10.0000,27.20000000,53994.9820
48561,19768,Mantos EVA 1.5 mm (1 rollo 20m2) -,23.0000,23.00000000,6493.2128
48566,19814,SPC Roble Niza 4 mm (0.3 wl) / Bisel -,2.0000,3.78000000,15113.8085
48566,19768,Mantos EVA 1.5 mm (1 rollo 20m2) -,0.5000,0.50000000,3639.3160
48571,19768,Mantos EVA 1.5 mm (1 rollo 20m2) -,4.0000,4.00000000,21437.0000
48571,20880,SPC Oferta Dune Oak 4 mm (0.3 wl) -,33.0000,87.12000000,202109.9091
48573,20880,SPC Oferta Dune Oak 4 mm (0.3 wl) -,30.0000,79.20000000,182176.3597
48573,19768,Mantos EVA 1.5 mm (1 rollo 20m2) -,4.0000,4.00000000,23803.4745
48574,21099,SPC Roble Greenland 4 mm (0.3 wl) -,44.0000,90.20000000,236908.2012
48574,19767,Mantos IXPE 1.5 mm (1 rollo 20m2) -,4.5000,4.50000000,21514.8506
48583,200111,Porcelanato Indiana - Rectificado - -,4.0000,6.76000000,22440.9556
48584,200116,SPC Oferta ORGW217-10 4.7 mm -,13.0000,43.03000000,102050.9191
48585,200116,SPC Oferta ORGW217-10 4.7 mm -,13.0000,43.03000000,102050.9185
48588,19814,SPC Roble Niza 4 mm (0.3 wl) / Bisel -,30.0000,56.70000000,151855.9063
48588,19768,Mantos EVA 1.5 mm (1 rollo 20m2) -,3.0000,3.00000000,12285.6624
48589,19767,Mantos IXPE 1.5 mm (1 rollo 20m2) -,3.0000,3.00000000,21838.0800
48592,19767,Mantos IXPE 1.5 mm (1 rollo 20m2) -,3.0000,3.00000000,18350.5386
48592,200154,SPC Oferta JMW23908 - -,24.0000,65.28000000,140362.0992
48593,19768,Mantos EVA 1.5 mm (1 rollo 20m2) -,6.0000,6.00000000,37980.7887
48593,21680,SPC Poligus 2205 4 mm (0.5 wl) -,46.0000,121.44000000,377196.2872
48594,200132,SPC Oferta ORGW102-13 6 mm -,7.0000,12.39000000,26272.7073
48597,19767,Mantos IXPE 1.5 mm (1 rollo 20m2) -,1.5000,1.50000000,10919.0400
48597,20879,SPC Roble Gris 1 Lama (Max Core 2da Generacion) Ho,11.0000,29.04000000,116129.7500
48599,200188,Oferta SPC ORG491-8 6 mm -,23.0000,50.83000000,122344.4983
48600,200188,Oferta SPC ORG491-8 6 mm -,23.0000,50.83000000,122344.4983
48603,200184,Oferta SPC 3674-14 4 mm -,7.0000,21.63000000,34549.3333
48603,19767,Mantos IXPE 1.5 mm (1 rollo 20m2) -,1.0000,1.00000000,4981.9940
48604,20884,SPC Oferta Truffle Oak 4 mm (0.3 wl) -,6.0000,15.84000000,43713.4128
48604,19768,Mantos EVA 1.5 mm (1 rollo 20m2) -,1.5000,1.50000000,10709.3945
48607,200181,Oferta SPC ST491-8 - -,4.0000,21.16000000,42576.8432
48607,19767,Mantos IXPE 1.5 mm (1 rollo 20m2) -,1.0000,1.00000000,6275.5363
48609,19768,Mantos EVA 1.5 mm (1 rollo 20m2) -,13.0000,13.00000000,4679.5320
48610,200184,Oferta SPC 3674-14 4 mm -,7.0000,21.63000000,34549.3333
48610,19767,Mantos IXPE 1.5 mm (1 rollo 20m2) -,1.0000,1.00000000,4981.9940
48612,19768,Mantos EVA 1.5 mm (1 rollo 20m2) -,0.5000,0.50000000,3639.6800
48612,200181,Oferta SPC ST491-8 - -,1.0000,5.29000000,12346.8400
48613,19814,SPC Roble Niza 4 mm (0.3 wl) / Bisel -,2.0000,3.78000000,13677.8350
48613,19767,Mantos IXPE 1.5 mm (1 rollo 20m2) -,0.5000,0.50000000,3293.5465
48615,20880,SPC Oferta Dune Oak 4 mm (0.3 wl) -,92.0000,242.88000000,510975.3600
48615,19768,Mantos EVA 1.5 mm (1 rollo 20m2) -,11.0000,11.00000000,64686.0225
48617,200185,Oferta SPC ORGW258-5 - -,33.0000,87.45000000,239061.2400
48618,19859,Flotante Superior Roble Trend Brown D-3128 Catwalk,12.0000,25.56000000,75846.5036
48618,17774,Mantos Ladix 3mmx0.80mmx1.25 mm - -,23.0000,23.00000000,7255.7318
48619,20884,SPC Oferta Truffle Oak 4 mm (0.3 wl) -,16.0000,42.24000000,118851.0400
48619,19768,Mantos EVA 1.5 mm (1 rollo 20m2) -,2.0000,2.00000000,14558.7200
48622,21162,SPC Oferta 014 4 mm (0.3 wl) -,4.0000,8.68000000,21521.3988
48623,19767,Mantos IXPE 1.5 mm (1 rollo 20m2) -,3.0000,3.00000000,18826.6089
48623,20880,SPC Oferta Dune Oak 4 mm (0.3 wl) -,23.0000,60.72000000,147288.3798
48624,18801,Mantos Erze 3mmx0.80mmx1.25 mm - -,36.0000,36.00000000,9408.6468
48624,5228,Flotante Kronotex Nogal Rojo D-725 Dinamic -,19.0000,40.47000000,98100.4998
48626,200149,SPC Oferta JMW67303 - -,1.0000,2.47000000,6940.0034
48627,19814,SPC Roble Niza 4 mm (0.3 wl) / Bisel -,5.0000,9.45000000,25212.7000
48629,20235,SPC Incienso 8889 (Max Core 2da Gen) 4 mm (0.3 wl),9.0000,23.76000000,95015.2500
48629,19767,Mantos IXPE 1.5 mm (1 rollo 20m2) -,1.0000,1.00000000,7279.3600
48633,200189,Oferta SPC ORGW101-11 4 mm -,4.0000,8.84000000,17001.6636
48634,200189,Oferta SPC ORGW101-11 4 mm -,4.0000,8.84000000,17001.6636
48636,19768,Mantos EVA 1.5 mm (1 rollo 20m2) -,13.0000,13.00000000,93685.4100
48636,21097,SPC Roble Adela 4 mm (0.3 wl) -,129.0000,264.45000000,832541.4900
48643,20311,"SPC Aconcagua 5003 Antique 5,5mm (4mm + 0,5 wl + E",10.0000,26.40000000,126650.7000
48644,20311,"SPC Aconcagua 5003 Antique 5,5mm (4mm + 0,5 wl + E",8.0000,21.12000000,83741.4432
48645,19768,Mantos EVA 1.5 mm (1 rollo 20m2) -,1.0000,1.00000000,7279.3600
48645,200156,SPC Oferta CDW653EXL-01 4 mm -,6.0000,20.82000000,58566.4200
48647,21162,SPC Oferta 014 4 mm (0.3 wl) -,1.0000,2.17000000,6507.8471
48647,19768,Mantos EVA 1.5 mm (1 rollo 20m2) -,6.0000,6.00000000,2159.3520
48648,200195,Oferta SPC ORGW363L-5 6 mm -,5.0000,17.85000000,33637.4025
48649,20880,SPC Oferta Dune Oak 4 mm (0.3 wl) -,1.0000,2.64000000,6021.0150
48650,21097,SPC Roble Adela 4 mm (0.3 wl) -,11.0000,22.55000000,90175.2500
48650,19768,Mantos EVA 1.5 mm (1 rollo 20m2) -,1.0000,1.00000000,7279.3600
48651,19768,Mantos EVA 1.5 mm (1 rollo 20m2) -,4.0000,4.00000000,28197.3288
48651,200200,Oferta SPC ORGW363L-5 4 mm -,35.0000,92.75000000,228025.2730
48654,20522,Flotante Superior Roble Trend Brown D-3128 Advance,8.0000,17.04000000,50820.0000
48654,18801,Mantos Erze 3mmx0.80mmx1.25 mm - -,14.0000,14.00000000,4438.2800
48658,200198,Oferta SPC ORGW341-1 - -,13.0000,28.73000000,87626.5000
48662,20880,SPC Oferta Dune Oak 4 mm (0.3 wl) -,6.0000,15.84000000,36836.3940
48662,19768,Mantos EVA 1.5 mm (1 rollo 20m2) -,1.0000,1.00000000,6016.3910
48663,19768,Mantos EVA 1.5 mm (1 rollo 20m2) -,4.0000,4.00000000,28197.3288
48663,200200,Oferta SPC ORGW363L-5 4 mm -,35.0000,92.75000000,228025.2730
48666,19768,Mantos EVA 1.5 mm (1 rollo 20m2) -,5.0000,5.00000000,36396.8000
48666,200183,Oferta SPC 3632 W-1 - -,46.0000,111.78000000,260878.4200
48667,19767,Mantos IXPE 1.5 mm (1 rollo 20m2) -,4.0000,4.00000000,24062.6524
48667,20226,SPC Roble Bangkok 1105 (Max Core 2da Gen) 4.5 mm (,44.0000,80.52000000,296776.1060
48669,19767,Mantos IXPE 1.5 mm (1 rollo 20m2) -,1.0000,1.00000000,6573.2621
48669,200166,SPC Oferta JMW2481 5 mm (0.55 wl) -,7.0000,12.32000000,26027.5392
48670,200173,SPC Oferta JMW75101 4 mm -,15.0000,33.00000000,77210.1000
48670,19768,Mantos EVA 1.5 mm (1 rollo 20m2) -,30.0000,30.00000000,10800.0000
48672,200201,"Oferta SPC SPC88002-1 4,5 mm -",2.0000,5.86000000,13272.8869
48676,200147,SPC Oferta JMW070 6.5 mm (0.5 wl) -,1.0000,1.81000000,5600.0000
48677,19860,SPC Roble Bremen (5022) AQUAblue (4mm + 0.3 wl) -,16.0000,43.20000000,131947.0736
48677,19767,Mantos IXPE 1.5 mm (1 rollo 20m2) -,2.0000,2.00000000,13219.3178
48679,18829,SPC Roble Americano 1 lama D-8010 4 mm -,19.0000,41.80000000,136574.3712
48679,19767,Mantos IXPE 1.5 mm (1 rollo 20m2) -,2.5000,2.50000000,14868.5560
48680,21097,SPC Roble Adela 4 mm (0.3 wl) -,30.0000,61.50000000,235259.0295
48680,19767,Mantos IXPE 1.5 mm (1 rollo 20m2) -,3.0000,3.00000000,20890.3073
48681,19767,Mantos IXPE 1.5 mm (1 rollo 20m2) -,1.5000,1.50000000,9024.5866
48682,200190,Oferta SPC ORGW491-5 - -,25.0000,66.25000000,187686.2500
48683,20117,SPC Oferta Roble Hamburgo 2333 4 mm (0.3 wl) -,33.0000,89.10000000,299714.5800
48683,19768,Mantos EVA 1.5 mm (1 rollo 20m2) -,4.0000,4.00000000,29117.4400
48687,21297,SPC Concreto 3001 4 mm (0.3 wl) -,11.0000,24.64000000,88513.1104
48687,19767,Mantos IXPE 1.5 mm (1 rollo 20m2) -,1.0000,1.00000000,7228.4045
48692,19767,Mantos IXPE 1.5 mm (1 rollo 20m2) -,1.0000,1.00000000,1254.2337
48692,21298,SPC Cemento Alisado 3002 Tablet (4mm + 0.3wl) -,7.0000,15.68000000,9773.4749
48694,19767,Mantos IXPE 1.5 mm (1 rollo 20m2) -,1.0000,1.00000000,5954.5165
48694,21298,SPC Cemento Alisado 3002 Tablet (4mm + 0.3wl) -,7.0000,15.68000000,46399.8969
48698,20880,SPC Oferta Dune Oak 4 mm (0.3 wl) -,3.0000,7.92000000,18384.7702
48699,200151,Oferta SPC JMW1454 - -,8.0000,17.36000000,48608.0232
48701,200153,SPC Oferta WR313501 8 mm -,12.0000,24.60000000,62944.2000
48702,18829,SPC Roble Americano 1 lama D-8010 4 mm -,19.0000,41.80000000,136586.6737
48702,19767,Mantos IXPE 1.5 mm (1 rollo 20m2) -,2.5000,2.50000000,14869.9128
48703,20833,"ABA JMW127 Napoli 7,0mm (2,0 LVT + 5,0 WPC + 0,50",8.0000,21.76000000,60928.0000
48703,19768,Mantos EVA 1.5 mm (1 rollo 20m2) -,1.0000,1.00000000,7279.3600
48704,20116,SPC Oferta Roble Vienna 4022 4 mm (0.3 wl) -,1.0000,2.70000000,8991.4400
48707,14466,Flotante Kronotex Haya Nobelle D-1424 Dinamic -,2.0000,4.26000000,10300.0640
48709,21207,SPC Munster 2314 4 mm (0.3 wl) -,16.0000,43.20000000,145316.1600
48709,19767,Mantos IXPE 1.5 mm (1 rollo 20m2) -,2.0000,2.00000000,14558.7200
48711,21255,SPC Sacramento BLANCO 2333 AQUAblue (4mm + 0.3 wl),7.0000,18.90000000,50886.0863
48711,19767,Mantos IXPE 1.5 mm (1 rollo 20m2) -,1.0000,1.00000000,5826.3997
48712,19815,SPC Estrasburgo 4 mm (0.3 wl) / Bisel -,32.0000,113.28000000,452985.2800
48712,19768,Mantos EVA 1.5 mm (1 rollo 20m2) -,5.0000,5.00000000,36396.8000
48713,21521,Deck PVC Roble Gris T602 Colección Noble (Sin Pigm,42.0000,17.64000000,144342.5256
48714,200173,Oferta SPC JMW75101 4 mm -,21.0000,46.20000000,117289.9783
48715,19768,Mantos EVA 1.5 mm (1 rollo 20m2) -,95.0000,95.00000000,34576.9485
48715,200173,Oferta SPC JMW75101 4 mm -,27.0000,59.40000000,150801.4007
48716,19768,Mantos EVA 1.5 mm (1 rollo 20m2) -,1.0000,1.00000000,7279.3600
48716,21680,SPC Poligus 2205 4 mm (0.5 wl) -,10.0000,26.40000000,94295.3000
48718,21255,SPC Sacramento BLANCO 2333 AQUAblue (4mm + 0.3 wl),7.0000,18.90000000,63575.8200
48721,20812,LVT Oferta JMW13010 Venecia 4.5 mm (0.25 wl) -,7.0000,12.25000000,36737.7738
48721,19768,Mantos EVA 1.5 mm (1 rollo 10 M2,1.0000,1.00000000,5974.1708
48722,21701,SPC Oferta San Gabriel 5mm + 1.5mm EVA + 0.3 wl -,25.0000,49.50000000,131892.6125
48724,19768,Mantos EVA 1.5 mm (1 rollo 20m2) -,16.0000,16.00000000,4812.9536
48724,200169,Oferta SPC JMW7432 5mm (0.25 wl) -,6.0000,18.30000000,38397.6018
48726,18983,Flotante Oferta Kronotex Monsunteak Beige Domizil,7.0000,14.91000000,20983.5780
48726,18801,Mantos Erze 3mmx0.80mmx1.25 mm - -,13.0000,13.00000000,3403.3363
48728,20883,SPC Oferta Barrique Oak 4 mm (0.3 wl) -,37.0000,97.68000000,272809.1916
48728,19767,Mantos IXPE 1.5 mm (1 rollo 20m2) -,4.5000,4.50000000,32514.7173
48730,19810,SPC Roble Munich (2319) 4 mm (0.3 wl) -,2.0000,5.40000000,18053.7164
48733,200183,Oferta SPC 3632 W-1 - -,5.0000,12.15000000,25659.6610
48733,19767,Mantos IXPE 1.5 mm (1 rollo 20m2) -,0.5000,0.50000000,3293.5465
48734,21255,SPC Sacramento BLANCO 2333 AQUAblue (4mm + 0.3 wl),4.0000,10.80000000,29996.8884
48734,19768,Mantos EVA 1.5 mm (1 rollo 20m2) -,0.5000,0.50000000,3005.2838
48735,19815,SPC Estrasburgo 4 mm (0.3 wl) / Bisel -,5.0000,17.70000000,70771.8721
48737,19767,Mantos IXPE 1.5 mm (1 rollo 20m2) -,1.5000,1.50000000,10919.0400
48737,200183,Oferta SPC 3632 W-1 - -,10.0000,24.30000000,56712.7000
48738,18801,Mantos Erze 3mmx0.80mmx1.25 mm - -,27.0000,27.00000000,8537.3568
48738,14466,Flotante Kronotex Haya Nobelle D-1424 Dinamic -,14.0000,29.82000000,87453.4542
48740,5228,Flotante Kronotex Nogal Rojo D-725 Dinamic -,1.0000,2.13000000,6262.3337
48742,21521,Deck PVC Roble Gris T602 Colección Noble (Sin Pigm,275.0000,115.50000000,806675.5125
48743,20880,SPC Oferta Dune Oak 4 mm (0.3 wl) -,23.0000,60.72000000,141137.8394
48743,19768,Mantos EVA 1.5 mm (1 rollo 20m2) -,55.0000,55.00000000,16356.7800
48744,200210,Oferta SPC CD354-02 - -,5.0000,16.55000000,33276.6170
48744,19768,Mantos EVA 1.5 mm (1 rollo 20m2) -,1.0000,1.00000000,5765.0724
48746,21098,SPC Roble Roma 4 mm (0.3 wl) -,10.0000,20.50000000,67718.2980
48746,19768,Mantos EVA 1.5 mm (1 rollo 20m2) -,1.0000,1.00000000,6013.1894
48747,200183,Oferta SPC 3632 W-1 - -,2.0000,4.86000000,11370.9000
48748,19768,Mantos EVA 1.5 mm (1 rollo 20m2) -,1.0000,1.00000000,6345.2271
48749,19815,SPC Estrasburgo 4 mm (0.3 wl) / Bisel -,25.0000,88.50000000,278572.8625
48749,19768,Mantos EVA 1.5 mm (1 rollo 20m2) -,4.0000,4.00000000,22920.1764
48756,20884,SPC Oferta Truffle Oak 4 mm (0.3 wl) -,96.0000,253.44000000,714889.2960
48756,19768,Mantos EVA 1.5 mm (1 rollo 20m2) -,12.0000,12.00000000,87570.7008
48757,200210,Oferta SPC CD354-02 - -,20.0000,66.20000000,168489.1120
48757,19768,Mantos EVA 1.5 mm (1 rollo 20m2) -,3.0000,3.00000000,21892.6752
48758,20229,SPC Merbau 1 Lama 8009 (Max Core 2da Gen) 4 mm (0.,13.0000,34.32000000,113020.6402
48758,19768,Mantos EVA 1.5 mm (1 rollo 20m2) -,2.0000,2.00000000,11989.1060
48759,200137,Oferta SPC 88002-1 4 mm -,1.0000,2.21000000,4900.3843
48760,19769,Mantos IXPE Con Aluminio 3.0 mm (1 rollo 20m2) -,30.0000,30.00000000,12505.7790
48761,21255,SPC Sacramento BLANCO 2333 AQUAblue (4mm + 0.3 wl),1.0000,2.70000000,7412.6553
48764,20839,SPC Oxido 5083 (Max Core 2da Generacion) Home (4mm,4.0000,10.56000000,39417.7088
48767,200173,SPC Oferta JMW75101 4 mm -,19.0000,41.80000000,87246.8983
48767,19768,Mantos EVA 1.5 mm (1 rollo 20m2) -,38.0000,38.00000000,12338.0341
48768,200134,Oferta SPC CD196-06SM0332 3 mm -,15.0000,43.95000000,88814.6020
48768,19768,Mantos EVA 1.5 mm (1 rollo 20m2) -,38.0000,38.00000000,11769.0408
48772,21656,SPC Oferta 6172-1 4.2 mm (0.4 wl) -,2.0000,4.40000000,9808.6065
48776,19767,Mantos IXPE 1.5 mm (1 rollo 20m2) -,1.0000,1.00000000,7279.3600
48776,20884,SPC Oferta Truffle Oak 4 mm (0.3 wl) -,8.0000,21.12000000,59425.5200
48777,200115,Porcelanato Reserva Marfil - Rectificado - -,10.0000,16.90000000,56231.7250
48778,200152,SPC Oferta JMW51908L - -,12.0000,33.84000000,86574.1020
48778,19768,Mantos EVA 1.5 mm (1 rollo 20m2) -,2.0000,2.00000000,14557.2642
48779,200183,Oferta SPC 3632 W-1 - -,2.0000,4.86000000,11370.9000
48780,20116,SPC Oferta Roble Vienna 4022 4 mm (0.3 wl) -,22.0000,59.40000000,200309.3774
48780,19768,Mantos EVA 1.5 mm (1 rollo 20m2) -,3.0000,3.00000000,24017.8950
48783,17408,Flotante Oferta Kronotex Chene Ardoise D-7391 12 m,5.0000,6.50000000,13500.1330
48785,200209,Oferta SPC ORGW334L-5 - -,10.0000,22.10000000,49317.0460
48786,19767,Mantos IXPE 1.5 mm (1 rollo 20m2) -,2.5000,2.50000000,18196.5802
48786,20306,"SPC Apolo 3002 Rustic (4mm + 0,3 wl + Bisel) -",18.0000,48.60000000,223440.4537
48787,19815,SPC Estrasburgo 4 mm (0.3 wl) / Bisel -,2.0000,7.08000000,23452.3440
48788,12902,Flotante Kronotex Merbau Platteau D-2916 Glamour H,9.0000,19.17000000,85331.3481
48788,18801,Mantos Erze 3mmx0.80mmx1.25 mm - -,23.0000,23.00000000,6026.0115
48797,20234,SPC Silver Pine 8888 (Max Core 2da Gen) 4 mm (0.3,28.0000,73.92000000,244778.1952
48797,19768,Mantos EVA 1.5 mm (1 rollo 20m2) -,3.0000,3.00000000,18083.3538
48800,21656,SPC Oferta 6172-1 4.2 mm (0.4 wl) -,18.0000,39.60000000,106376.7852
48800,19768,Mantos EVA 1.5 mm (1 rollo 20m2) -,44.0000,44.00000000,15286.3964
48800,20883,SPC Oferta Barrique Oak 4 mm (0.3 wl) -,4.0000,10.56000000,28366.1980
48802,19815,SPC Estrasburgo 4 mm (0.3 wl) / Bisel -,2.0000,7.08000000,28365.3306
48802,19768,Mantos EVA 1.5 mm (1 rollo 20m2) -,1.0000,1.00000000,3997.6000
48803,19768,Mantos EVA 1.5 mm (1 rollo 20m2) -,4.0000,4.00000000,28607.8848
48803,20228,SPC Roble Hacienda 1 Lama 8007 (Max Core 2da Gen),39.0000,102.96000000,404527.3089
48808,14703,Flotante Kronotex Roble Prestigue Natural D-4166 A,5.0000,6.50000000,22100.3450
48809,14165,Flotante Kronotex Roble Prestigue Claro D-4169 Ama,3.0000,3.90000000,9338.5950
47835,19817,SPC Roble Orleans 4 mm (0.3 wl) + Bisel + EIR -,2.0000,7.08000000,25034.4886
47857,20179,SPC Roble Escandinavo 2204 4 mm (0.5 wl) -,8.0000,21.12000000,75741.8640
47857,19768,Mantos EVA 1.5 mm (1 rollo 20m2) -,1.0000,1.00000000,5960.4270
47858,20883,SPC Oferta Barrique Oak 4 mm (0.3 wl) -,3.0000,7.92000000,21035.8971
47859,20884,SPC Oferta Truffle Oak 4 mm (0.3 wl) -,1.0000,2.64000000,5555.6382
47862,21656,SPC Oferta 6172-1 4.2 mm (0.4 wl) -,10.0000,22.00000000,61285.7020
47862,19768,Mantos EVA 1.5 mm (1 rollo 20m2) -,1.0000,1.00000000,7206.6981
47887,19004,Flotante Krono Original Roble Nostalgia D-8072 Cas,10.0000,22.20000000,52648.2730
47887,18801,Mantos Erze 3mmx0.80mmx1.25 mm - -,20.0000,20.00000000,5113.5300
47888,19214,Flotante Krono Original Red River D-8156 Narrow -,20.0000,28.40000000,124229.9600
47893,19767,Mantos IXPE 1.5 mm (1 rollo 20m2) -,1.5000,1.50000000,9422.8996
47893,20883,SPC Oferta Barrique Oak 4 mm (0.3 wl) -,11.0000,29.04000000,70514.1000
47902,21207,SPC Munster 2314 4 mm (0.3 wl) -,6.0000,16.20000000,47636.8950
47902,19767,Mantos IXPE 1.5 mm (1 rollo 20m2) -,1.0000,1.00000000,6363.4384
47906,19561,Porcelanato Blanco Atelier -,59.0000,99.12000000,325330.2421
47915,19768,Mantos EVA 1.5 mm (1 rollo 20m2) -,1.0000,1.00000000,7188.3680
47915,20884,SPC Oferta Truffle Oak 4 mm (0.3 wl) -,9.0000,23.76000000,66018.0114
47920,21522,Deck PVC Roble Natural T405 Colección Noble (Sin P,181.0000,76.02000000,743762.3402
47923,19768,Mantos EVA 1.5 mm (1 rollo 20m2) -,25.0000,25.00000000,8999.1000
47923,20236,SPC Olivo 8890 (Max Core 2da Gen) 4 mm -,10.0000,26.40000000,104770.2220
47931,20884,SPC Oferta Truffle Oak 4 mm (0.3 wl) -,19.0000,50.16000000,140077.1200
47931,19767,Mantos IXPE 1.5 mm (1 rollo 20m2) -,2.5000,2.50000000,18061.9000
47941,19768,Mantos EVA 1.5 mm (1 rollo 20m2) -,1.5000,1.50000000,10837.1400
47941,20883,SPC Oferta Barrique Oak 4 mm (0.3 wl) -,12.0000,31.68000000,88469.7600
47952,20893,SPC Oferta FH785707 4mm + Bisel Rectificado -,9.0000,21.51000000,56135.9673
47952,19768,Mantos EVA 1.5 mm (1 rollo 20m2) -,1.0000,1.00000000,5970.3637
47958,200111,Porcelanato Indiana - Rectificado - -,13.0000,21.97000000,67611.1527
47959,20116,SPC Oferta Roble Vienna 4022 4 mm (0.3 wl) -,4.0000,10.80000000,29671.7520
47959,19768,Mantos EVA 1.5 mm (1 rollo 20m2) -,0.5000,0.50000000,2972.7101
47962,200125,SPC Oferta 3678-3 - -,4.0000,8.84000000,19621.8663
47964,200125,SPC Oferta 3678-3 - -,4.0000,8.84000000,18651.4922
47969,200111,Porcelanato Indiana - Rectificado - -,7.0000,11.83000000,43806.9100
47973,20883,SPC Oferta Barrique Oak 4 mm (0.3 wl) -,18.0000,47.52000000,129659.7114
47973,19767,Mantos IXPE 1.5 mm (1 rollo 20m2) -,2.5000,2.50000000,17647.4720
47974,20883,SPC Oferta Barrique Oak 4 mm (0.3 wl) -,8.0000,21.12000000,48810.4944
47974,19768,Mantos EVA 1.5 mm (1 rollo 20m2) -,1.0000,1.00000000,5979.0635
47987,19368,Flotante Kronotex Eiche Rosemont D-3665 (Caja Exqu,7.0000,14.91000000,36568.6412
47987,17774,Mantos Ladix 3mmx0.80mmx1.25 mm - -,13.0000,13.00000000,3389.1377
47994,200160,SPC Oferta CD 179-05 5 mm (0.3 wl) -,20.0000,53.00000000,135383.0400
47996,20880,SPC Oferta Dune Oak 4 mm (0.3 wl) -,7.0000,18.48000000,42652.2712
47996,19768,Mantos EVA 1.5 mm (1 rollo 20m2) -,1.0000,1.00000000,5971.0880
48005,20883,SPC Oferta Barrique Oak 4 mm (0.3 wl) -,19.0000,50.16000000,140429.9500
48005,19767,Mantos IXPE 1.5 mm (1 rollo 20m2) -,2.5000,2.50000000,18107.4000
48009,19768,Mantos EVA 1.5 mm (1 rollo 20m2) -,3.0000,3.00000000,19440.8022
48009,20233,SPC Kempas 8887 (Max Core 2da Gen) 4 mm (0.3 wl) -,24.0000,63.36000000,225559.9536
48011,20884,SPC Oferta Truffle Oak 4 mm (0.3 wl) -,4.0000,10.56000000,24020.9124
48011,19767,Mantos IXPE 1.5 mm (1 rollo 20m2) -,1.0000,1.00000000,5884.9050
48018,200145,SPC Oferta JMW70604 - -,6.0000,14.82000000,34000.4964
48021,200116,SPC Oferta ORGW217-10 4.7 mm -,11.0000,36.41000000,74143.9600
48022,20883,SPC Oferta Barrique Oak 4 mm (0.3 wl) -,19.0000,50.16000000,140429.9500
48022,19767,Mantos IXPE 1.5 mm (1 rollo 20m2) -,2.5000,2.50000000,18107.4000
48026,200076,"Ilva Porcelanatos Legni Ego 22,5X90 REC 1* Maderas",59.0000,71.98000000,221237.6100
48032,20883,SPC Oferta Barrique Oak 4 mm (0.3 wl) -,8.0000,21.12000000,48869.6224
48032,19768,Mantos EVA 1.5 mm (1 rollo 20m2) -,1.0000,1.00000000,5986.3064
48036,19767,Mantos IXPE 1.5 mm (1 rollo 20m2) -,1.0000,1.00000000,7242.2389
48044,20880,SPC Oferta Dune Oak 4 mm (0.3 wl) -,5.0000,13.20000000,36955.4795
48044,19767,Mantos IXPE 1.5 mm (1 rollo 20m2) -,0.5000,0.50000000,3621.4986
48047,20431,SPC Oferta Roble 1004-1 4 mm (0.5 wl) -,1.0000,3.88000000,12113.2340
48048,200128,SPC Oferta ORGW491-4 4 mm -,7.0000,17.50000000,34090.7119
48048,19768,Mantos EVA 1.5 mm (1 rollo 20m2) -,1.0000,1.00000000,6001.3405
48059,200135,SPC Oferta ORGW102-13 6 mm -,11.0000,29.15000000,83077.5000
48068,200129,SPC Oferta ORGW354-10 4 mm -,12.0000,29.16000000,56509.7940
48068,19768,Mantos EVA 1.5 mm (1 rollo 20m2) -,1.0000,1.00000000,5970.5417
48075,200162,"SPC Oferta JMW035 4,5 mm -",7.0000,15.26000000,35687.8200
48075,19767,Mantos IXPE 1.5 mm (1 rollo 20m2) -,1.0000,1.00000000,7261.1600
48077,20880,SPC Oferta Dune Oak 4 mm (0.3 wl) -,2.0000,5.28000000,14819.2330
48089,19768,Mantos EVA 1.5 mm (1 rollo 20m2) -,2.0000,2.00000000,14522.3200
48089,19815,SPC Estrasburgo 4 mm (0.3 wl) / Bisel -,11.0000,38.94000000,155324.4000
48090,20884,SPC Oferta Truffle Oak 4 mm (0.3 wl) -,5.0000,13.20000000,32825.9670
48090,19768,Mantos EVA 1.5 mm (1 rollo 20m2) -,1.0000,1.00000000,6433.6488
48095,200171,SPC Oferta ORGW179-3 6 mm -,6.0000,13.26000000,27766.2342
48096,19400,LVT Roble Puma CLT-985 Chalet Clic -,1.0000,2.63000000,8985.0633
48098,19767,Mantos IXPE 1.5 mm (1 rollo 20m2) -,1.5000,1.50000000,10030.2033
48098,200162,"SPC Oferta JMW035 4,5 mm -",14.0000,30.52000000,65729.8264
48100,19767,Mantos IXPE 1.5 mm (1 rollo 20m2) -,3.0000,3.00000000,17147.9556
48100,21656,SPC Oferta 6172-1 4.2 mm (0.4 wl) -,34.0000,74.80000000,165269.4270
48104,19814,SPC Roble Niza 4 mm (0.3 wl) / Bisel -,51.0000,96.39000000,372904.5030
48104,19767,Mantos IXPE 1.5 mm (1 rollo 20m2) -,4.5000,4.50000000,31691.6960
48106,19768,Mantos EVA 1.5 mm (1 rollo 20m2) -,1.5000,1.50000000,10891.7250
48106,21162,SPC Oferta 014 4 mm (0.3 wl) -,13.0000,28.21000000,84415.7600
48109,19815,SPC Estrasburgo 4 mm (0.3 wl) / Bisel -,10.0000,35.40000000,141204.0000
48110,21099,SPC Roble Greenland 4 mm (0.3 wl) -,3.0000,6.15000000,17854.5262
48112,200172,SPC Oferta 364L-3 - -,1.0000,3.53000000,8238.8100
48116,20811,LVT Oferta JMW50908 Milano 4.5 mm (0.25 wl) -,17.0000,29.75000000,108408.1888
48116,19768,Mantos EVA 1.5 mm (1 rollo 20m2) -,25.0000,25.00000000,8997.2787
48118,200116,SPC Oferta ORGW217-10 4.7 mm -,2.0000,6.62000000,14000.4306
48126,19815,SPC Estrasburgo 4 mm (0.3 wl) / Bisel -,3.0000,10.62000000,42361.2000
48130,20880,SPC Oferta Dune Oak 4 mm (0.3 wl) -,120.0000,316.80000000,734885.7608
48130,19768,Mantos EVA 1.5 mm (1 rollo 20m2) -,15.0000,15.00000000,90020.2502
48131,200118,SPC Oferta CD196-06 - -,1.0000,3.66000000,8600.2500
48136,19767,Mantos IXPE 1.5 mm (1 rollo 20m2) -,2.5000,2.50000000,14928.9450
48136,20883,SPC Oferta Barrique Oak 4 mm (0.3 wl) -,21.0000,55.44000000,127967.1015
48137,19768,Mantos EVA 1.5 mm (1 rollo 20m2) -,3.0000,3.00000000,17733.3096
48137,20230,SPC Abeto 8881 (Max Core 2da Gen) 4 mm (0.3 wl) -,16.0000,42.24000000,137165.9392
48139,20883,SPC Oferta Barrique Oak 4 mm (0.3 wl) -,15.0000,39.60000000,100696.7355
48139,19768,Mantos EVA 1.5 mm (1 rollo 20m2) -,34.0000,34.00000000,11089.4400
48147,19768,Mantos EVA 1.5 mm (1 rollo 20m2) -,5.0000,5.00000000,29057.9845
48147,20880,SPC Oferta Dune Oak 4 mm (0.3 wl) -,35.0000,92.40000000,207564.8015
48155,19810,SPC Roble Munich (2319) 4 mm (0.3 wl) -,2.0000,5.40000000,18119.1000
48155,19767,Mantos IXPE 1.5 mm (1 rollo 20m2) -,0.5000,0.50000000,3630.5800
48156,200153,SPC Oferta WR313501 8 mm -,9.0000,18.45000000,47090.2113
48157,20880,SPC Oferta Dune Oak 4 mm (0.3 wl) -,3.0000,7.92000000,18000.9309
48161,200155,SPC Oferta CDW653EXL-02 4 mm -,13.0000,45.11000000,117479.5999
48161,19767,Mantos IXPE 1.5 mm (1 rollo 20m2) -,2.0000,2.00000000,13475.2608
48163,19368,Flotante Kronotex Eiche Rosemont D-3665 (Caja Exqu,5.0000,10.65000000,31683.1000
48163,17775,Mantos Ladix 5mmx0.80mmx1.25 mm - -,9.0000,9.00000000,3258.8100
48165,200161,"SPC Oferta JMW53409 4,5 mm -",40.0000,69.60000000,134551.5560
48169,18947,Flotante Kronotex Roble Hella D-4754 Exquisit -,6.0000,12.78000000,46574.9022
48173,20228,SPC Roble Hacienda 1 Lama 8007 (Max Core 2da Gen),8.0000,21.12000000,84246.8792
48173,19767,Mantos IXPE 1.5 mm (1 rollo 20m2) -,1.0000,1.00000000,7261.1616
48174,20880,SPC Oferta Dune Oak 4 mm (0.3 wl) -,3.0000,7.92000000,18000.9309
48176,200152,SPC Oferta JMW51908L - -,32.0000,90.24000000,190351.2800
48179,19767,Mantos IXPE 1.5 mm (1 rollo 20m2) -,1.5000,1.50000000,8956.8962
48179,20184,SPC Roble Bayonne 4 mm (0.3 wl) / Bisel -,15.0000,28.35000000,92993.4000
48188,21162,SPC Oferta 014 4 mm (0.3 wl) -,2.0000,4.34000000,10754.1896
48188,19767,Mantos IXPE 1.5 mm (1 rollo 20m2) -,0.5000,0.50000000,3006.3757
48194,20226,SPC Roble Bangkok 1105 (Max Core 2da Gen) 4.5 mm (,37.0000,67.71000000,311330.5800
48194,19768,Mantos EVA 1.5 mm (1 rollo 20m2) -,3.0000,3.00000000,21838.0800
48201,200176,SPC Oferta CDA190L-13X 4.7 mm -,8.0000,17.68000000,44905.5200
48205,20884,SPC Oferta Truffle Oak 4 mm (0.3 wl) -,2.0000,5.28000000,12497.1868
48214,14690,Flotante Kronotex Roble Rift (Astilla) D-3044 Exqu,7.0000,18.90000000,55658.9838
48214,17774,Mantos Ladix 3mmx0.80mmx1.25 mm - -,17.0000,17.00000000,4343.2688
48215,21656,SPC Oferta 6172-1 4.2 mm (0.4 wl) -,3.0000,6.60000000,16037.9847
48220,19768,Mantos EVA 1.5 mm (1 rollo 20m2) -,1.2000,1.20000000,7206.5565
48220,20228,SPC Roble Hacienda 1 Lama 8007 (Max Core 2da Gen),9.0000,23.76000000,78387.5070
48221,18801,Mantos Erze 3mmx0.80mmx1.25 mm - -,24.0000,24.00000000,7608.4800
48223,20900,SPC Oferta FH785701 4mm + 1.0mm IXPE + Bisel Recti,14.0000,33.46000000,106457.2532
48234,19815,SPC Estrasburgo 4 mm (0.3 wl) / Bisel -,15.0000,53.10000000,175007.9085
48234,19768,Mantos EVA 1.5 mm (1 rollo 20m2) -,3.0000,3.00000000,17998.9209
48236,19768,Mantos EVA 1.5 mm (1 rollo 20m2) -,4.0000,4.00000000,28826.2800
48236,19814,SPC Roble Niza 4 mm (0.3 wl) / Bisel -,41.0000,77.49000000,306765.2800
48239,18874,Porcelanato Taupe Atelier Atelier -,21.0000,35.28000000,119271.4614
48249,21255,SPC Sacramento BLANCO 2333 AQUAblue (4mm + 0.3 wl),33.0000,89.10000000,289931.0865
48249,19767,Mantos IXPE 1.5 mm (1 rollo 20m2) -,4.0000,4.00000000,29044.6064
48250,21255,SPC Sacramento BLANCO 2333 AQUAblue (4mm + 0.3 wl),33.0000,89.10000000,289931.0865
48250,19767,Mantos IXPE 1.5 mm (1 rollo 20m2) -,4.0000,4.00000000,29044.6064
48252,20236,SPC Olivo 8890 (Max Core 2da Gen) 4 mm -,2.0000,5.28000000,17451.1343
48259,19767,Mantos IXPE 1.5 mm (1 rollo 20m2) -,0.5000,0.50000000,3639.6800
48259,19957,SPC Atelier Blanco 8891 (Max Core) 4 mm (0.3 wl) -,4.0000,10.56000000,42229.0000
48262,19768,Mantos EVA 1.5 mm (1 rollo 20m2) -,2.0000,2.00000000,11975.9866
48262,20883,SPC Oferta Barrique Oak 4 mm (0.3 wl) -,17.0000,44.88000000,103877.2947
48265,200115,Porcelanato Reserva Marfil - Rectificado - -,6.0000,10.14000000,39613.8582
48278,20880,SPC Oferta Dune Oak 4 mm (0.3 wl) -,13.0000,34.32000000,79667.3377
48278,19768,Mantos EVA 1.5 mm (1 rollo 20m2) -,1.5000,1.50000000,9008.1956
48282,20119,SPC Oferta Roble Frankfurt 5014 4 mm (0.3 wl) -,5.0000,13.50000000,38999.2245
48282,19768,Mantos EVA 1.5 mm (1 rollo 20m2) -,0.6000,0.60000000,3750.9086
48284,21099,SPC Roble Greenland 4 mm (0.3 wl) -,8.0000,16.40000000,53442.7720
48284,19768,Mantos EVA 1.5 mm (1 rollo 20m2) -,2.0000,2.00000000,11863.9010
48288,19767,Mantos IXPE 1.5 mm (1 rollo 20m2) -,2.0000,2.00000000,11770.7252
48288,20236,SPC Olivo 8890 (Max Core 2da Gen) 4 mm -,15.0000,39.60000000,128033.0490
48289,19768,Mantos EVA 1.5 mm (1 rollo 20m2) -,30.0000,30.00000000,8673.0000
48289,200168,SPC Oferta JMW0994 5 mm (0.3 wl) -,11.0000,33.55000000,64842.9661
48290,19768,Mantos EVA 1.5 mm (1 rollo 20m2) -,1.5000,1.50000000,8953.6005
48290,20884,SPC Oferta Truffle Oak 4 mm (0.3 wl) -,13.0000,34.32000000,79184.5054
48290,200140,SPC Oferta ORGW491-4 - -,8.0000,31.76000000,61509.0528
48295,200169,SPC Oferta JMW7432 5mm (0.25 wl) -,14.0000,42.70000000,99912.1200
48295,19768,Mantos EVA 1.5 mm (1 rollo 20m2) -,2.0000,2.00000000,14558.7200
48302,14482,Flotante Kronotex Mountain Spruce Sepia D-3576 Mam,13.0000,18.07000000,76086.0100
48302,19768,Mantos EVA 1.5 mm (1 rollo 20m2) -,1.0000,1.00000000,7279.3600
48307,200176,SPC Oferta CDA190L-13X 4.7 mm -,2.0000,4.42000000,11226.3800
48314,20884,SPC Oferta Truffle Oak 4 mm (0.3 wl) -,13.0000,34.32000000,96566.4700
48314,19768,Mantos EVA 1.5 mm (1 rollo 20m2) -,1.5000,1.50000000,10919.0400
48316,20884,SPC Oferta Truffle Oak 4 mm (0.3 wl) -,13.0000,34.32000000,95929.1307
48316,19767,Mantos IXPE 1.5 mm (1 rollo 20m2) -,1.5000,1.50000000,10846.9743
48321,200146,SPC Oferta JMW089 5 mm (0.55 wl) -,18.0000,33.48000000,85652.1738
48321,19768,Mantos EVA 1.5 mm (1 rollo 20m2) -,30.0000,30.00000000,10798.9200
48331,19812,SPC Roble Lyon 4 mm (0.3 wl) / Bisel -,15.0000,28.35000000,85529.4705
48331,19767,Mantos IXPE 1.5 mm (1 rollo 20m2) -,1.0000,1.00000000,5491.9978
48335,19768,Mantos EVA 1.5 mm (1 rollo 20m2) -,1.5000,1.50000000,10838.2242
48335,21098,SPC Roble Roma 4 mm (0.3 wl) -,18.0000,36.90000000,146467.5588
48343,19814,SPC Roble Niza 4 mm (0.3 wl) / Bisel -,29.0000,54.81000000,212772.3127
48343,19768,Mantos EVA 1.5 mm (1 rollo 20m2) -,2.5000,2.50000000,17667.0068
48348,19333,Flotante Krono Original Mardi Gras Hickory 5956 Va,4.0000,8.88000000,26318.0536
48348,17774,Mantos Ladix 3mmx0.80mmx1.25 mm - -,9.0000,9.00000000,2314.2141
48349,20230,SPC Abeto 8881 (Max Core 2da Gen) 4 mm (0.3 wl) -,11.0000,29.04000000,116129.7500
48349,19767,Mantos IXPE 1.5 mm (1 rollo 20m2) -,1.5000,1.50000000,10919.0400
48350,200115,Porcelanato Reserva Marfil - Rectificado - -,36.0000,60.84000000,196009.9308
48353,19815,SPC Estrasburgo 4 mm (0.3 wl) / Bisel -,7.0000,24.78000000,99080.6209
48353,19768,Mantos EVA 1.5 mm (1 rollo 20m2) -,1.0000,1.00000000,7278.6321
48361,200153,SPC Oferta WR313501 8 mm -,17.0000,34.85000000,89170.9500
48364,19860,SPC Roble Bremen (5022) AQUAblue (4mm + 0.3 wl) -,21.0000,56.70000000,186169.0737
48364,19767,Mantos IXPE 1.5 mm (1 rollo 20m2) -,3.0000,3.00000000,21316.1499
48367,200192,Oferta SPC CDW2006L-07 - -,18.0000,56.16000000,142274.5110
48367,19768,Mantos EVA 1.5 mm (1 rollo 20m2) -,2.5000,2.50000000,18196.5803
48372,20880,SPC Oferta Dune Oak 4 mm (0.3 wl) -,8.0000,21.12000000,52829.2872
48372,19767,Mantos IXPE 1.5 mm (1 rollo 20m2) -,1.0000,1.00000000,6471.3421
48384,19003,Flotante Krono Original Roble Flaxen D-4283 8 mm -,17.0000,37.74000000,91487.7729
48399,19767,Mantos IXPE 1.5 mm (1 rollo 20m2) -,2.0000,2.00000000,11884.2668
48399,20880,SPC Oferta Dune Oak 4 mm (0.3 wl) -,16.0000,42.24000000,97018.1040
48417,200185,Oferta SPC ORGW258-5 - -,15.0000,39.75000000,83220.2670
48425,5412,Flotante Kronotex Teca Borneo D-2986 Dinamic -,21.0000,44.73000000,110097.1998
48451,200151,SPC Oferta JMW1454 - -,20.0000,43.40000000,99937.3140
48455,200183,Oferta SPC 3632 W-1 - -,10.0000,24.30000000,46867.3750
48455,19767,Mantos IXPE 1.5 mm (1 rollo 20m2) -,1.5000,1.50000000,9023.4947
48457,21303,SPC Oferta Kailua 491-4 Caja Marron (2.21m2) 0.3wl,22.0000,48.62000000,136136.0000
48457,200140,SPC Oferta ORGW491-4 - -,7.0000,27.79000000,77812.0000
48459,19860,SPC Roble Bremen (5022) AQUAblue (4mm + 0.3 wl) -,11.0000,29.70000000,99654.9884
48459,19767,Mantos IXPE 1.5 mm (1 rollo 20m2) -,1.5000,1.50000000,10891.7274
48461,20883,SPC Oferta Barrique Oak 4 mm (0.3 wl) -,1.0000,2.64000000,6139.3990
48462,20789,SPC Roble Harbour 8884 (Max Core 2da Generacion) H,10.0000,26.40000000,81317.2280
48468,20883,SPC Oferta Barrique Oak 4 mm (0.3 wl) -,15.0000,39.60000000,110542.6095
48468,19767,Mantos IXPE 1.5 mm (1 rollo 20m2) -,2.0000,2.00000000,14443.6862
48471,19812,SPC Roble Lyon 4 mm (0.3 wl) / Bisel -,16.0000,30.24000000,98457.8480
48471,19768,Mantos EVA 1.5 mm (1 rollo 20m2) -,1.5000,1.50000000,8467.9223
48473,21098,SPC Roble Roma 4 mm (0.3 wl) -,2.0000,4.10000000,13415.3719
48477,200131,SPC Oferta ORGW101-11 6 mm -,19.0000,41.99000000,94921.9081
48483,200148,SPC Oferta JMW073 - -,20.0000,44.80000000,108869.2394
48483,19768,Mantos EVA 1.5 mm (1 rollo 20m2) -,40.0000,40.00000000,13675.6475
48491,19816,SPC Metz 4 mm (0.3 wl) / Bisel + EIR -,10.0000,35.40000000,110645.3650
48491,19767,Mantos IXPE 1.5 mm (1 rollo 20m2) -,2.0000,2.00000000,11379.4754
48496,200187,Oferta SPC CD3087-13 - -,6.0000,15.90000000,37471.7628
48501,19956,SPC Oferta Roble Americano (Max Core) 4 mm (0.3 wl,12.0000,31.68000000,112916.1228
48501,19768,Mantos EVA 1.5 mm (1 rollo 20m2) -,28.0000,28.00000000,8696.8056
48503,19768,Mantos EVA 1.5 mm (1 rollo 20m2) -,53.0000,53.00000000,15899.1096
48503,200173,SPC Oferta JMW75101 4 mm -,27.0000,59.40000000,114851.5686
48504,19812,SPC Roble Lyon 4 mm (0.3 wl) / Bisel -,16.0000,30.24000000,120330.0400
48510,21702,SPC Oferta Daisy 5mm + 1.5mm EVA + 0.3 wl -,4.0000,7.92000000,23868.3496
48512,21684,SPC Baykit 2206 4 mm (0.5 wl) -,3.0000,7.92000000,23374.8618
48512,19767,Mantos IXPE 1.5 mm (1 rollo 20m2) -,0.5000,0.50000000,3007.4676
48520,19767,Mantos IXPE 1.5 mm (1 rollo 20m2) -,2.0000,2.00000000,14557.2642
48520,20232,SPC Cipres 8885 (Max Core 2da Gen) 4 mm (0.3 wl) -,13.0000,34.32000000,137230.5259
48524,19814,SPC Roble Niza 4 mm (0.3 wl) / Bisel -,8.0000,15.12000000,49082.4448
48524,19768,Mantos EVA 1.5 mm (1 rollo 20m2) -,1.0000,1.00000000,5909.3874
48536,20883,SPC Oferta Barrique Oak 4 mm (0.3 wl) -,15.0000,39.60000000,110542.6095
48536,19767,Mantos IXPE 1.5 mm (1 rollo 20m2) -,2.0000,2.00000000,14443.6862
48537,200201,"Oferta SPC SPC88002-1 4,5 mm -",7.0000,20.51000000,51670.8430
48538,14735,Flotante Kronotex Malmo D-3584 Dinamic -,4.0000,8.52000000,21785.0801
48541,200201,"Oferta SPC SPC88002-1 4,5 mm -",20.0000,58.60000000,132728.8688
48551,20880,SPC Oferta Dune Oak 4 mm (0.3 wl) -,27.0000,71.28000000,200340.5130
48551,19767,Mantos IXPE 1.5 mm (1 rollo 20m2) -,4.0000,4.00000000,29085.4108
48551,200115,Porcelanato Reserva Marfil - Rectificado - -,6.0000,10.14000000,39574.2402
48553,20433,Deck PVC Nogal Tabaco T-1 Colección Noble (Sin Pig,18.0000,7.56000000,66632.8956
48563,19815,SPC Estrasburgo 4 mm (0.3 wl) / Bisel -,7.0000,24.78000000,99080.6209
48563,19768,Mantos EVA 1.5 mm (1 rollo 20m2) -,1.0000,1.00000000,7278.6321
48564,20310,"SPC Andes 5002 Antique 5,5mm (4mm + 0,5 wl + EVA 1",9.0000,23.76000000,113985.6300
48568,200139,SPC Oferta 30742 Rubin Eiche - -,15.0000,36.45000000,93517.5975
48569,21656,SPC Oferta 6172-1 4.2 mm (0.4 wl) -,24.0000,52.80000000,121372.9248
48569,19768,Mantos EVA 1.5 mm (1 rollo 20m2) -,2.0000,2.00000000,11893.7232
48570,19767,Mantos IXPE 1.5 mm (1 rollo 20m2) -,1.0000,1.00000000,1253.9432
48570,21298,SPC Cemento Alisado 3002 Tablet (4mm + 0.3wl) -,7.0000,15.68000000,9771.2104
48576,19860,SPC Roble Bremen (5022) AQUAblue (4mm + 0.3 wl) -,14.0000,37.80000000,127024.4884
48576,19768,Mantos EVA 1.5 mm (1 rollo 20m2) -,2.0000,2.00000000,14544.1613
48580,19859,Flotante Superior Roble Trend Brown D-3128 Catwalk,5.0000,10.65000000,25637.4270
48580,17774,Mantos Ladix 3mmx0.80mmx1.25 mm - -,20.0000,20.00000000,5190.8860
48581,20235,SPC Incienso 8889 (Max Core 2da Gen) 4 mm (0.3 wl),13.0000,34.32000000,116986.9987
48581,19768,Mantos EVA 1.5 mm (1 rollo 20m2) -,31.0000,31.00000000,7673.1169
48586,18801,Mantos Erze 3mmx0.80mmx1.25 mm - -,24.0000,24.00000000,7608.4800
48590,17774,Mantos Ladix 3mmx0.80mmx1.25 mm - -,30.0000,30.00000000,8270.4178
48590,19215,Flotante Krono Original Appalachian D-8155 Narrow,24.0000,34.08000000,126518.4518
48591,20884,SPC Oferta Truffle Oak 4 mm (0.3 wl) -,20.0000,52.80000000,148563.8000
48591,19767,Mantos IXPE 1.5 mm (1 rollo 20m2) -,2.5000,2.50000000,18198.4000
48605,20880,SPC Oferta Dune Oak 4 mm (0.3 wl) -,6.0000,15.84000000,36702.6870
48608,20884,SPC Oferta Truffle Oak 4 mm (0.3 wl) -,8.0000,21.12000000,50004.7256
48611,200184,Oferta SPC 3674-14 4 mm -,7.0000,21.63000000,50476.1519
48611,19767,Mantos IXPE 1.5 mm (1 rollo 20m2) -,1.0000,1.00000000,7278.6321
48628,200180,Oferta SPC ORGW354-10 - -,23.0000,67.39000000,167159.6783
48628,19767,Mantos IXPE 1.5 mm (1 rollo 20m2) -,3.0000,3.00000000,21379.4802
48637,200111,Porcelanato Indiana - Rectificado - -,1.0000,1.69000000,6602.9700
48637,19767,Mantos IXPE 1.5 mm (1 rollo 20m2) -,1.0000,1.00000000,7279.3600
48640,19768,Mantos EVA 1.5 mm (1 rollo 20m2) -,4.5000,4.50000000,32757.1200
48640,21682,SPC Tulat 2212 4 mm (0.5 wl) -,38.0000,100.32000000,358322.1400
48641,20884,SPC Oferta Truffle Oak 4 mm (0.3 wl) -,10.0000,26.40000000,64038.4260
48641,19768,Mantos EVA 1.5 mm (1 rollo 20m2) -,1.5000,1.50000000,9413.3045
48646,19768,Mantos EVA 1.5 mm (1 rollo 20m2) -,33.0000,33.00000000,9821.1960
48646,20884,SPC Oferta Truffle Oak 4 mm (0.3 wl) -,14.0000,36.96000000,85972.3858
48652,19768,Mantos EVA 1.5 mm (1 rollo 20m2) -,4.0000,4.00000000,28197.3289
48652,200200,Oferta SPC ORGW363L-5 4 mm -,35.0000,92.75000000,228025.2744
48653,200133,SPC Oferta 3674-14 5 mm (0.3 wl) -,5.0000,7.75000000,19886.3500
48655,19768,Mantos EVA 1.5 mm (1 rollo 20m2) -,25.0000,25.00000000,8749.1250
48655,200167,SPC Oferta JMW56301 5 mm (0.55 wl) -,15.0000,26.10000000,61050.4950
48660,200181,Oferta SPC ST491-8 - -,3.0000,15.87000000,31928.9283
48660,19767,Mantos IXPE 1.5 mm (1 rollo 20m2) -,1.0000,1.00000000,6274.8083
48661,200138,SPC Oferta ORGW102-13 6 mm -,12.0000,31.80000000,81179.9406
48664,19812,SPC Roble Lyon 4 mm (0.3 wl) / Bisel -,34.0000,64.26000000,256934.7428
48664,19767,Mantos IXPE 1.5 mm (1 rollo 20m2) -,3.0000,3.00000000,21835.8963
48671,200164,"SPC Oferta WR23806 4,5 mm -",7.0000,15.26000000,32000.5861
48673,5228,Flotante Kronotex Nogal Rojo D-725 Dinamic -,1.0000,2.13000000,5100.6055
48678,19767,Mantos IXPE 1.5 mm (1 rollo 20m2) -,2.5000,2.50000000,18198.4000
48678,21206,SPC Postdam 2328 4 mm (0.3 wl) -,19.0000,51.30000000,167494.5000
48690,200166,Oferta SPC JMW2481 5 mm (0.55 wl) -,1.0000,1.76000000,3400.3389
48693,20028,SPC Roble Salzburgo 2316 4 mm (0.3 wl) -,11.0000,29.70000000,82571.3669
48693,19768,Mantos EVA 1.5 mm (1 rollo 20m2) -,1.5000,1.50000000,9024.5865
48695,21255,SPC Sacramento BLANCO 2333 AQUAblue (4mm + 0.3 wl),5.0000,13.50000000,45411.3000
48695,200178,Oferta SPC ORG101-28 - -,6.0000,13.26000000,30942.1200
48695,19767,Mantos IXPE 1.5 mm (1 rollo 20m2) -,1.5000,1.50000000,10919.0400
48696,18239,Flotante Krono Original Sylt Fineline D-8494 Krono,3.0000,7.41000000,16117.0476
48696,17774,Mantos Ladix 3mmx0.80mmx1.25 mm - -,6.0000,6.00000000,1572.1020
48700,19767,Mantos IXPE 1.5 mm (1 rollo 20m2) -,1.5000,1.50000000,10917.9482
48700,200179,Oferta SPC CD196-06 - -,10.0000,31.10000000,78768.4220
48705,19768,Mantos EVA 1.5 mm (1 rollo 20m2) -,13.0000,13.00000000,4300.9658
48705,200147,Oferta SPC JMW070 6.5 mm (0.5 wl) -,8.0000,14.48000000,37626.9683
48708,200178,Oferta SPC ORG101-28 - -,15.0000,33.15000000,63926.4195
48708,19768,Mantos EVA 1.5 mm (1 rollo 20m2) -,2.0000,2.00000000,12031.3262
48717,20884,SPC Oferta Truffle Oak 4 mm (0.3 wl) -,23.0000,60.72000000,140631.6232
48717,19768,Mantos EVA 1.5 mm (1 rollo 20m2) -,3.0000,3.00000000,17975.7276
48719,20880,SPC Oferta Dune Oak 4 mm (0.3 wl) -,10.0000,26.40000000,68337.5050
48719,19767,Mantos IXPE 1.5 mm (1 rollo 20m2) -,1.5000,1.50000000,10590.3770
48727,21684,SPC Baykit 2206 4 mm (0.5 wl) -,16.0000,42.24000000,150872.4800
48727,19767,Mantos IXPE 1.5 mm (1 rollo 20m2) -,2.0000,2.00000000,14558.7200
48729,21102,SPC Oferta Color  LD1613 4 mm (0.3 wl) -,22.0000,58.96000000,183286.9896
48729,19768,Mantos EVA 1.5 mm (1 rollo 20m2) -,3.0000,3.00000000,21835.8963
48731,5412,Flotante Kronotex Teca Borneo D-2986 Dinamic -,14.0000,29.82000000,72459.9414
48750,12902,Flotante Kronotex Merbau Platteau D-2916 Glamour H,27.0000,57.51000000,242675.5383
48750,18801,Mantos Erze 3mmx0.80mmx1.25 mm - -,52.0000,52.00000000,12948.2132
48771,200188,Oferta SPC ORG491-8 6 mm -,8.0000,17.68000000,45631.9614
48799,21700,SPC Oferta Camellia 5mm + 1.5mm EVA + 0.3 wl -,6.0000,11.88000000,34263.8916
48810,21681,SPC Surinda 2207 4 mm (0.5 wl) -,1.0000,2.64000000,9429.5300
48812,19767,Mantos IXPE 1.5 mm (1 rollo 20m2) -,5.0000,5.00000000,36389.5206
48813,19768,Mantos EVA 1.5 mm (1 rollo 20m2) -,2.0000,2.00000000,16011.9400
48813,19816,SPC Metz 4 mm (0.3 wl) / Bisel + EIR -,14.0000,49.56000000,198676.5200
